hashtag,count
muslimban,170
marchforlife,143
nobannowall,17
resist,14
refugeeswelcome,7
whywemarch,6
jfk,6
prolife,5
amjoy,5
theresistance,4
jfkterminal4,4
nomuslimbanjfk,4
muslimbanprotest,4
trump,4
evergreentweet,3
extremevetting,3
terminal4,3
womensmarch,3
nhlallstar,3
maga,2
trumpliesmatter,2
periscope,2
heroes,2
dncforum,2
nazis,2
blm,2
smtx,2
notallarewelcome,2
deltaairlines,2
trumpboycott,2
resistance,2
haters,2
wall,2
welcometocanada,2
slapdashsat,2
txst,2
theview,2
devosfacts,2
geekslivetweet,2
defundpp,2
devosconfirmation,2
gop,2
dearpresident,2
devosisworsethan,2
devoshearing,2
americafirst,1
obamacare,1
impeachunpotus,1
refugeeban,1
loverocks,1
sfla2017,1
letthemin,1
carenotcuts,1
sffsff,1
dobbs,1
trumptrain,1
trumpsucks,1
trumpinaugural,1
trumpban,1
chicago,1
nasasocial,1
oreillyfactor,1
donaldtrump,1
fuckingwall,1
h20,1
contaminated,1
illinois,1
water,1
sanjoseroadshow,1
iamnotyournegro,1
holocaustmemorialday,1
the1st,1
potusindistress,1
nowallnoban,1
uniteblue,1
union,1
refugeesban,1
nhpolitics,1
dallasroadshow,1
muslimbanjfk,1
jfkprotest,1
banbigotry,1
bornaliveabortionsurvivorsprotectionact,1
no,1
rebelalliance,1
challenger,1
mrtrump,1
sciencemarch,1
ipss,1
marchforscience,1
antiviolence,1
proudaunt,1
chooselife,1
unholytrinity,1
jfkairport,1
protest,1
usa,1
lax,1
resistoften,1
nomuslimban,1
scotus,1
muslinban,1
abortion,1
sfo,1
silent,1
phony,1
patriot,1
speakup,1
makelifegreatagain,1
alllivesmatter,1
righttolife,1
standup,1
hannity,1
occupyairports,1
odu,1
norfolk,1
voterfraud,1
hope,1
notnormal,1
prolifeconsensus,1
unamerican,1
unconstitutional,1
isis,1
prolifeprowomen,1
nhl,1
breaking,1
buildbridgesnotwalls,1
lovetrumpshate,1
jctheleader,1
maytrumppet,1
noban,1
realtalk,1
stand4life,1
preauxlife,1
ers2017,1
marchoflies,1
ctl,1
news,1
p2,1
politics,1
publicdemandsavoice,1
womenlead17,1
whiteban,1
istandwithrefugees,1
fascism,1
hate,1
impeachtrumpnow,1
muslimlivesmatter,1
trumpdossier,1
trumpleaks,1
trumptaxreturns,1
whigs,1
