topic_col,top_percentage,account_relations_configuration,error_type,error
K_Means_topic_124,0.05,similarity,BrokenProcessPool,BrokenProcessPool('A process in the process pool was terminated abruptly while the future was running or pending.')
K_Means_topic_124,0.05,text_similarity,BrokenProcessPool,BrokenProcessPool('A process in the process pool was terminated abruptly while the future was running or pending.')
K_Means_topic_124,0.05,similarity+text_similarity,BrokenProcessPool,BrokenProcessPool('A process in the process pool was terminated abruptly while the future was running or pending.')
K_Means_topic_124,0.05,similarity+interactions,BrokenProcessPool,BrokenProcessPool('A process in the process pool was terminated abruptly while the future was running or pending.')
K_Means_topic_124,0.05,text_similarity+interactions,BrokenProcessPool,BrokenProcessPool('A process in the process pool was terminated abruptly while the future was running or pending.')
K_Means_topic_124,0.05,similarity+text_similarity+interactions,BrokenProcessPool,BrokenProcessPool('A process in the process pool was terminated abruptly while the future was running or pending.')
K_Means_topic_124,0.1,similarity,BrokenProcessPool,BrokenProcessPool('A process in the process pool was terminated abruptly while the future was running or pending.')
K_Means_topic_124,0.1,text_similarity,BrokenProcessPool,BrokenProcessPool('A process in the process pool was terminated abruptly while the future was running or pending.')
K_Means_topic_124,0.1,interactions,BrokenProcessPool,BrokenProcessPool('A process in the process pool was terminated abruptly while the future was running or pending.')
K_Means_topic_124,0.1,similarity+text_similarity,BrokenProcessPool,BrokenProcessPool('A process in the process pool was terminated abruptly while the future was running or pending.')
K_Means_topic_124,0.1,similarity+interactions,BrokenProcessPool,BrokenProcessPool('A process in the process pool was terminated abruptly while the future was running or pending.')
K_Means_topic_124,0.1,text_similarity+interactions,BrokenProcessPool,BrokenProcessPool('A process in the process pool was terminated abruptly while the future was running or pending.')
K_Means_topic_124,0.1,similarity+text_similarity+interactions,BrokenProcessPool,BrokenProcessPool('A process in the process pool was terminated abruptly while the future was running or pending.')
K_Means_topic_124,0.2,similarity,BrokenProcessPool,BrokenProcessPool('A process in the process pool was terminated abruptly while the future was running or pending.')
K_Means_topic_124,0.2,text_similarity,BrokenProcessPool,BrokenProcessPool('A process in the process pool was terminated abruptly while the future was running or pending.')
K_Means_topic_124,0.2,interactions,BrokenProcessPool,BrokenProcessPool('A process in the process pool was terminated abruptly while the future was running or pending.')
K_Means_topic_124,0.2,similarity+text_similarity,BrokenProcessPool,BrokenProcessPool('A process in the process pool was terminated abruptly while the future was running or pending.')
K_Means_topic_124,0.2,similarity+interactions,BrokenProcessPool,BrokenProcessPool('A process in the process pool was terminated abruptly while the future was running or pending.')
K_Means_topic_124,0.2,text_similarity+interactions,BrokenProcessPool,BrokenProcessPool('A process in the process pool was terminated abruptly while the future was running or pending.')
K_Means_topic_124,0.2,similarity+text_similarity+interactions,BrokenProcessPool,BrokenProcessPool('A process in the process pool was terminated abruptly while the future was running or pending.')
K_Means_topic_124,0.5,similarity,BrokenProcessPool,BrokenProcessPool('A process in the process pool was terminated abruptly while the future was running or pending.')
K_Means_topic_124,0.5,text_similarity,BrokenProcessPool,BrokenProcessPool('A process in the process pool was terminated abruptly while the future was running or pending.')
K_Means_topic_124,0.5,interactions,BrokenProcessPool,BrokenProcessPool('A process in the process pool was terminated abruptly while the future was running or pending.')
K_Means_topic_124,0.5,similarity+text_similarity,BrokenProcessPool,BrokenProcessPool('A process in the process pool was terminated abruptly while the future was running or pending.')
K_Means_topic_124,0.5,similarity+interactions,BrokenProcessPool,BrokenProcessPool('A process in the process pool was terminated abruptly while the future was running or pending.')
K_Means_topic_124,0.5,text_similarity+interactions,BrokenProcessPool,BrokenProcessPool('A process in the process pool was terminated abruptly while the future was running or pending.')
K_Means_topic_124,0.5,similarity+text_similarity+interactions,BrokenProcessPool,BrokenProcessPool('A process in the process pool was terminated abruptly while the future was running or pending.')
K_Means_topic_124,1.0,similarity,BrokenProcessPool,BrokenProcessPool('A process in the process pool was terminated abruptly while the future was running or pending.')
K_Means_topic_124,1.0,text_similarity,BrokenProcessPool,BrokenProcessPool('A process in the process pool was terminated abruptly while the future was running or pending.')
K_Means_topic_124,1.0,interactions,BrokenProcessPool,BrokenProcessPool('A process in the process pool was terminated abruptly while the future was running or pending.')
K_Means_topic_124,1.0,similarity+text_similarity,BrokenProcessPool,BrokenProcessPool('A process in the process pool was terminated abruptly while the future was running or pending.')
K_Means_topic_124,1.0,similarity+interactions,BrokenProcessPool,BrokenProcessPool('A process in the process pool was terminated abruptly while the future was running or pending.')
K_Means_topic_124,1.0,text_similarity+interactions,BrokenProcessPool,BrokenProcessPool('A process in the process pool was terminated abruptly while the future was running or pending.')
K_Means_topic_124,1.0,similarity+text_similarity+interactions,BrokenProcessPool,BrokenProcessPool('A process in the process pool was terminated abruptly while the future was running or pending.')
BERTopic_topic_128,0.01,similarity,BrokenProcessPool,BrokenProcessPool('A process in the process pool was terminated abruptly while the future was running or pending.')
BERTopic_topic_128,0.01,text_similarity,BrokenProcessPool,BrokenProcessPool('A process in the process pool was terminated abruptly while the future was running or pending.')
BERTopic_topic_128,0.01,interactions,BrokenProcessPool,BrokenProcessPool('A process in the process pool was terminated abruptly while the future was running or pending.')
BERTopic_topic_128,0.01,similarity+text_similarity,BrokenProcessPool,BrokenProcessPool('A process in the process pool was terminated abruptly while the future was running or pending.')
BERTopic_topic_128,0.01,similarity+interactions,BrokenProcessPool,BrokenProcessPool('A process in the process pool was terminated abruptly while the future was running or pending.')
BERTopic_topic_128,0.01,text_similarity+interactions,BrokenProcessPool,BrokenProcessPool('A process in the process pool was terminated abruptly while the future was running or pending.')
BERTopic_topic_128,0.01,similarity+text_similarity+interactions,BrokenProcessPool,BrokenProcessPool('A process in the process pool was terminated abruptly while the future was running or pending.')
BERTopic_topic_128,0.05,similarity,BrokenProcessPool,BrokenProcessPool('A process in the process pool was terminated abruptly while the future was running or pending.')
BERTopic_topic_128,0.05,text_similarity,BrokenProcessPool,BrokenProcessPool('A process in the process pool was terminated abruptly while the future was running or pending.')
BERTopic_topic_128,0.05,interactions,BrokenProcessPool,BrokenProcessPool('A process in the process pool was terminated abruptly while the future was running or pending.')
BERTopic_topic_128,0.05,similarity+text_similarity,BrokenProcessPool,BrokenProcessPool('A process in the process pool was terminated abruptly while the future was running or pending.')
BERTopic_topic_128,0.05,similarity+interactions,BrokenProcessPool,BrokenProcessPool('A process in the process pool was terminated abruptly while the future was running or pending.')
BERTopic_topic_128,0.05,text_similarity+interactions,BrokenProcessPool,BrokenProcessPool('A process in the process pool was terminated abruptly while the future was running or pending.')
BERTopic_topic_128,0.05,similarity+text_similarity+interactions,BrokenProcessPool,BrokenProcessPool('A process in the process pool was terminated abruptly while the future was running or pending.')
BERTopic_topic_128,0.1,similarity,BrokenProcessPool,BrokenProcessPool('A process in the process pool was terminated abruptly while the future was running or pending.')
BERTopic_topic_128,0.1,text_similarity,BrokenProcessPool,BrokenProcessPool('A process in the process pool was terminated abruptly while the future was running or pending.')
BERTopic_topic_128,0.1,interactions,BrokenProcessPool,BrokenProcessPool('A process in the process pool was terminated abruptly while the future was running or pending.')
BERTopic_topic_128,0.1,similarity+text_similarity,BrokenProcessPool,BrokenProcessPool('A process in the process pool was terminated abruptly while the future was running or pending.')
BERTopic_topic_128,0.1,similarity+interactions,BrokenProcessPool,BrokenProcessPool('A process in the process pool was terminated abruptly while the future was running or pending.')
BERTopic_topic_128,0.1,text_similarity+interactions,BrokenProcessPool,BrokenProcessPool('A process in the process pool was terminated abruptly while the future was running or pending.')
BERTopic_topic_128,0.1,similarity+text_similarity+interactions,BrokenProcessPool,BrokenProcessPool('A process in the process pool was terminated abruptly while the future was running or pending.')
BERTopic_topic_128,0.2,similarity,BrokenProcessPool,BrokenProcessPool('A process in the process pool was terminated abruptly while the future was running or pending.')
BERTopic_topic_128,0.2,text_similarity,BrokenProcessPool,BrokenProcessPool('A process in the process pool was terminated abruptly while the future was running or pending.')
BERTopic_topic_128,0.2,interactions,BrokenProcessPool,BrokenProcessPool('A process in the process pool was terminated abruptly while the future was running or pending.')
BERTopic_topic_128,0.2,similarity+text_similarity,BrokenProcessPool,BrokenProcessPool('A process in the process pool was terminated abruptly while the future was running or pending.')
BERTopic_topic_128,0.2,similarity+interactions,BrokenProcessPool,BrokenProcessPool('A process in the process pool was terminated abruptly while the future was running or pending.')
BERTopic_topic_128,0.2,text_similarity+interactions,BrokenProcessPool,BrokenProcessPool('A process in the process pool was terminated abruptly while the future was running or pending.')
BERTopic_topic_128,0.2,similarity+text_similarity+interactions,BrokenProcessPool,BrokenProcessPool('A process in the process pool was terminated abruptly while the future was running or pending.')
BERTopic_topic_128,0.5,similarity,BrokenProcessPool,BrokenProcessPool('A process in the process pool was terminated abruptly while the future was running or pending.')
BERTopic_topic_128,0.5,text_similarity,BrokenProcessPool,BrokenProcessPool('A process in the process pool was terminated abruptly while the future was running or pending.')
BERTopic_topic_128,0.5,interactions,BrokenProcessPool,BrokenProcessPool('A process in the process pool was terminated abruptly while the future was running or pending.')
BERTopic_topic_128,0.5,similarity+text_similarity,BrokenProcessPool,BrokenProcessPool('A process in the process pool was terminated abruptly while the future was running or pending.')
BERTopic_topic_128,0.5,similarity+interactions,BrokenProcessPool,BrokenProcessPool('A process in the process pool was terminated abruptly while the future was running or pending.')
BERTopic_topic_128,0.5,text_similarity+interactions,BrokenProcessPool,BrokenProcessPool('A process in the process pool was terminated abruptly while the future was running or pending.')
BERTopic_topic_128,0.5,similarity+text_similarity+interactions,BrokenProcessPool,BrokenProcessPool('A process in the process pool was terminated abruptly while the future was running or pending.')
BERTopic_topic_128,1.0,similarity,BrokenProcessPool,BrokenProcessPool('A process in the process pool was terminated abruptly while the future was running or pending.')
BERTopic_topic_128,1.0,text_similarity,BrokenProcessPool,BrokenProcessPool('A process in the process pool was terminated abruptly while the future was running or pending.')
BERTopic_topic_128,1.0,interactions,BrokenProcessPool,BrokenProcessPool('A process in the process pool was terminated abruptly while the future was running or pending.')
BERTopic_topic_128,1.0,similarity+text_similarity,BrokenProcessPool,BrokenProcessPool('A process in the process pool was terminated abruptly while the future was running or pending.')
BERTopic_topic_128,1.0,similarity+interactions,BrokenProcessPool,BrokenProcessPool('A process in the process pool was terminated abruptly while the future was running or pending.')
BERTopic_topic_128,1.0,text_similarity+interactions,BrokenProcessPool,BrokenProcessPool('A process in the process pool was terminated abruptly while the future was running or pending.')
BERTopic_topic_128,1.0,similarity+text_similarity+interactions,BrokenProcessPool,BrokenProcessPool('A process in the process pool was terminated abruptly while the future was running or pending.')
BERTopic_topic_256,0.01,similarity,BrokenProcessPool,BrokenProcessPool('A process in the process pool was terminated abruptly while the future was running or pending.')
BERTopic_topic_256,0.01,text_similarity,BrokenProcessPool,BrokenProcessPool('A process in the process pool was terminated abruptly while the future was running or pending.')
BERTopic_topic_256,0.01,interactions,BrokenProcessPool,BrokenProcessPool('A process in the process pool was terminated abruptly while the future was running or pending.')
BERTopic_topic_256,0.01,similarity+text_similarity,BrokenProcessPool,BrokenProcessPool('A process in the process pool was terminated abruptly while the future was running or pending.')
BERTopic_topic_256,0.01,similarity+interactions,BrokenProcessPool,BrokenProcessPool('A process in the process pool was terminated abruptly while the future was running or pending.')
BERTopic_topic_256,0.01,text_similarity+interactions,BrokenProcessPool,BrokenProcessPool('A process in the process pool was terminated abruptly while the future was running or pending.')
BERTopic_topic_256,0.01,similarity+text_similarity+interactions,BrokenProcessPool,BrokenProcessPool('A process in the process pool was terminated abruptly while the future was running or pending.')
BERTopic_topic_256,0.05,similarity,BrokenProcessPool,BrokenProcessPool('A process in the process pool was terminated abruptly while the future was running or pending.')
BERTopic_topic_256,0.05,text_similarity,BrokenProcessPool,BrokenProcessPool('A process in the process pool was terminated abruptly while the future was running or pending.')
BERTopic_topic_256,0.05,interactions,BrokenProcessPool,BrokenProcessPool('A process in the process pool was terminated abruptly while the future was running or pending.')
BERTopic_topic_256,0.05,similarity+text_similarity,BrokenProcessPool,BrokenProcessPool('A process in the process pool was terminated abruptly while the future was running or pending.')
BERTopic_topic_256,0.05,similarity+interactions,BrokenProcessPool,BrokenProcessPool('A process in the process pool was terminated abruptly while the future was running or pending.')
BERTopic_topic_256,0.05,text_similarity+interactions,BrokenProcessPool,BrokenProcessPool('A process in the process pool was terminated abruptly while the future was running or pending.')
BERTopic_topic_256,0.05,similarity+text_similarity+interactions,BrokenProcessPool,BrokenProcessPool('A process in the process pool was terminated abruptly while the future was running or pending.')
BERTopic_topic_256,0.1,similarity,BrokenProcessPool,BrokenProcessPool('A process in the process pool was terminated abruptly while the future was running or pending.')
BERTopic_topic_256,0.1,text_similarity,BrokenProcessPool,BrokenProcessPool('A process in the process pool was terminated abruptly while the future was running or pending.')
BERTopic_topic_256,0.1,interactions,BrokenProcessPool,BrokenProcessPool('A process in the process pool was terminated abruptly while the future was running or pending.')
BERTopic_topic_256,0.1,similarity+text_similarity,BrokenProcessPool,BrokenProcessPool('A process in the process pool was terminated abruptly while the future was running or pending.')
BERTopic_topic_256,0.1,similarity+interactions,BrokenProcessPool,BrokenProcessPool('A process in the process pool was terminated abruptly while the future was running or pending.')
BERTopic_topic_256,0.1,text_similarity+interactions,BrokenProcessPool,BrokenProcessPool('A process in the process pool was terminated abruptly while the future was running or pending.')
BERTopic_topic_256,0.1,similarity+text_similarity+interactions,BrokenProcessPool,BrokenProcessPool('A process in the process pool was terminated abruptly while the future was running or pending.')
BERTopic_topic_256,0.2,similarity,BrokenProcessPool,BrokenProcessPool('A process in the process pool was terminated abruptly while the future was running or pending.')
BERTopic_topic_256,0.2,text_similarity,BrokenProcessPool,BrokenProcessPool('A process in the process pool was terminated abruptly while the future was running or pending.')
BERTopic_topic_256,0.2,interactions,BrokenProcessPool,BrokenProcessPool('A process in the process pool was terminated abruptly while the future was running or pending.')
BERTopic_topic_256,0.2,similarity+text_similarity,BrokenProcessPool,BrokenProcessPool('A process in the process pool was terminated abruptly while the future was running or pending.')
BERTopic_topic_256,0.2,similarity+interactions,BrokenProcessPool,BrokenProcessPool('A process in the process pool was terminated abruptly while the future was running or pending.')
BERTopic_topic_256,0.2,text_similarity+interactions,BrokenProcessPool,BrokenProcessPool('A process in the process pool was terminated abruptly while the future was running or pending.')
BERTopic_topic_256,0.2,similarity+text_similarity+interactions,BrokenProcessPool,BrokenProcessPool('A process in the process pool was terminated abruptly while the future was running or pending.')
BERTopic_topic_256,0.5,similarity,BrokenProcessPool,BrokenProcessPool('A process in the process pool was terminated abruptly while the future was running or pending.')
BERTopic_topic_256,0.5,text_similarity,BrokenProcessPool,BrokenProcessPool('A process in the process pool was terminated abruptly while the future was running or pending.')
BERTopic_topic_256,0.5,interactions,BrokenProcessPool,BrokenProcessPool('A process in the process pool was terminated abruptly while the future was running or pending.')
BERTopic_topic_256,0.5,similarity+text_similarity,BrokenProcessPool,BrokenProcessPool('A process in the process pool was terminated abruptly while the future was running or pending.')
BERTopic_topic_256,0.5,similarity+interactions,BrokenProcessPool,BrokenProcessPool('A process in the process pool was terminated abruptly while the future was running or pending.')
BERTopic_topic_256,0.5,text_similarity+interactions,BrokenProcessPool,BrokenProcessPool('A process in the process pool was terminated abruptly while the future was running or pending.')
BERTopic_topic_256,0.5,similarity+text_similarity+interactions,BrokenProcessPool,BrokenProcessPool('A process in the process pool was terminated abruptly while the future was running or pending.')
BERTopic_topic_256,1.0,similarity,BrokenProcessPool,BrokenProcessPool('A process in the process pool was terminated abruptly while the future was running or pending.')
BERTopic_topic_256,1.0,text_similarity,BrokenProcessPool,BrokenProcessPool('A process in the process pool was terminated abruptly while the future was running or pending.')
BERTopic_topic_256,1.0,interactions,BrokenProcessPool,BrokenProcessPool('A process in the process pool was terminated abruptly while the future was running or pending.')
BERTopic_topic_256,1.0,similarity+text_similarity,BrokenProcessPool,BrokenProcessPool('A process in the process pool was terminated abruptly while the future was running or pending.')
BERTopic_topic_256,1.0,similarity+interactions,BrokenProcessPool,BrokenProcessPool('A process in the process pool was terminated abruptly while the future was running or pending.')
BERTopic_topic_256,1.0,text_similarity+interactions,BrokenProcessPool,BrokenProcessPool('A process in the process pool was terminated abruptly while the future was running or pending.')
BERTopic_topic_256,1.0,similarity+text_similarity+interactions,BrokenProcessPool,BrokenProcessPool('A process in the process pool was terminated abruptly while the future was running or pending.')
BERTopic_topic_10,0.01,similarity,BrokenProcessPool,BrokenProcessPool('A process in the process pool was terminated abruptly while the future was running or pending.')
BERTopic_topic_10,0.01,text_similarity,BrokenProcessPool,BrokenProcessPool('A process in the process pool was terminated abruptly while the future was running or pending.')
BERTopic_topic_10,0.01,interactions,BrokenProcessPool,BrokenProcessPool('A process in the process pool was terminated abruptly while the future was running or pending.')
BERTopic_topic_10,0.01,similarity+text_similarity,BrokenProcessPool,BrokenProcessPool('A process in the process pool was terminated abruptly while the future was running or pending.')
BERTopic_topic_10,0.01,similarity+interactions,BrokenProcessPool,BrokenProcessPool('A process in the process pool was terminated abruptly while the future was running or pending.')
BERTopic_topic_10,0.01,text_similarity+interactions,BrokenProcessPool,BrokenProcessPool('A process in the process pool was terminated abruptly while the future was running or pending.')
BERTopic_topic_10,0.01,similarity+text_similarity+interactions,BrokenProcessPool,BrokenProcessPool('A process in the process pool was terminated abruptly while the future was running or pending.')
BERTopic_topic_10,0.05,similarity,BrokenProcessPool,BrokenProcessPool('A process in the process pool was terminated abruptly while the future was running or pending.')
BERTopic_topic_10,0.05,text_similarity,BrokenProcessPool,BrokenProcessPool('A process in the process pool was terminated abruptly while the future was running or pending.')
BERTopic_topic_10,0.05,interactions,BrokenProcessPool,BrokenProcessPool('A process in the process pool was terminated abruptly while the future was running or pending.')
BERTopic_topic_10,0.05,similarity+text_similarity,BrokenProcessPool,BrokenProcessPool('A process in the process pool was terminated abruptly while the future was running or pending.')
BERTopic_topic_10,0.05,similarity+interactions,BrokenProcessPool,BrokenProcessPool('A process in the process pool was terminated abruptly while the future was running or pending.')
BERTopic_topic_10,0.05,text_similarity+interactions,BrokenProcessPool,BrokenProcessPool('A process in the process pool was terminated abruptly while the future was running or pending.')
BERTopic_topic_10,0.05,similarity+text_similarity+interactions,BrokenProcessPool,BrokenProcessPool('A process in the process pool was terminated abruptly while the future was running or pending.')
BERTopic_topic_10,0.1,similarity,BrokenProcessPool,BrokenProcessPool('A process in the process pool was terminated abruptly while the future was running or pending.')
BERTopic_topic_10,0.1,text_similarity,BrokenProcessPool,BrokenProcessPool('A process in the process pool was terminated abruptly while the future was running or pending.')
BERTopic_topic_10,0.1,interactions,BrokenProcessPool,BrokenProcessPool('A process in the process pool was terminated abruptly while the future was running or pending.')
BERTopic_topic_10,0.1,similarity+text_similarity,BrokenProcessPool,BrokenProcessPool('A process in the process pool was terminated abruptly while the future was running or pending.')
BERTopic_topic_10,0.1,similarity+interactions,BrokenProcessPool,BrokenProcessPool('A process in the process pool was terminated abruptly while the future was running or pending.')
BERTopic_topic_10,0.1,text_similarity+interactions,BrokenProcessPool,BrokenProcessPool('A process in the process pool was terminated abruptly while the future was running or pending.')
BERTopic_topic_10,0.1,similarity+text_similarity+interactions,BrokenProcessPool,BrokenProcessPool('A process in the process pool was terminated abruptly while the future was running or pending.')
BERTopic_topic_10,0.2,similarity,BrokenProcessPool,BrokenProcessPool('A process in the process pool was terminated abruptly while the future was running or pending.')
BERTopic_topic_10,0.2,text_similarity,BrokenProcessPool,BrokenProcessPool('A process in the process pool was terminated abruptly while the future was running or pending.')
BERTopic_topic_10,0.2,interactions,BrokenProcessPool,BrokenProcessPool('A process in the process pool was terminated abruptly while the future was running or pending.')
BERTopic_topic_10,0.2,similarity+text_similarity,BrokenProcessPool,BrokenProcessPool('A process in the process pool was terminated abruptly while the future was running or pending.')
BERTopic_topic_10,0.2,similarity+interactions,BrokenProcessPool,BrokenProcessPool('A process in the process pool was terminated abruptly while the future was running or pending.')
BERTopic_topic_10,0.2,text_similarity+interactions,BrokenProcessPool,BrokenProcessPool('A process in the process pool was terminated abruptly while the future was running or pending.')
BERTopic_topic_10,0.2,similarity+text_similarity+interactions,BrokenProcessPool,BrokenProcessPool('A process in the process pool was terminated abruptly while the future was running or pending.')
BERTopic_topic_10,0.5,similarity,BrokenProcessPool,BrokenProcessPool('A process in the process pool was terminated abruptly while the future was running or pending.')
BERTopic_topic_10,0.5,text_similarity,BrokenProcessPool,BrokenProcessPool('A process in the process pool was terminated abruptly while the future was running or pending.')
BERTopic_topic_10,0.5,interactions,BrokenProcessPool,BrokenProcessPool('A process in the process pool was terminated abruptly while the future was running or pending.')
BERTopic_topic_10,0.5,similarity+text_similarity,BrokenProcessPool,BrokenProcessPool('A process in the process pool was terminated abruptly while the future was running or pending.')
BERTopic_topic_10,0.5,similarity+interactions,BrokenProcessPool,BrokenProcessPool('A process in the process pool was terminated abruptly while the future was running or pending.')
BERTopic_topic_10,0.5,text_similarity+interactions,BrokenProcessPool,BrokenProcessPool('A process in the process pool was terminated abruptly while the future was running or pending.')
BERTopic_topic_10,0.5,similarity+text_similarity+interactions,BrokenProcessPool,BrokenProcessPool('A process in the process pool was terminated abruptly while the future was running or pending.')
BERTopic_topic_10,1.0,similarity,BrokenProcessPool,BrokenProcessPool('A process in the process pool was terminated abruptly while the future was running or pending.')
BERTopic_topic_10,1.0,text_similarity,BrokenProcessPool,BrokenProcessPool('A process in the process pool was terminated abruptly while the future was running or pending.')
BERTopic_topic_10,1.0,interactions,BrokenProcessPool,BrokenProcessPool('A process in the process pool was terminated abruptly while the future was running or pending.')
BERTopic_topic_10,1.0,similarity+text_similarity,BrokenProcessPool,BrokenProcessPool('A process in the process pool was terminated abruptly while the future was running or pending.')
BERTopic_topic_10,1.0,similarity+interactions,BrokenProcessPool,BrokenProcessPool('A process in the process pool was terminated abruptly while the future was running or pending.')
BERTopic_topic_10,1.0,text_similarity+interactions,BrokenProcessPool,BrokenProcessPool('A process in the process pool was terminated abruptly while the future was running or pending.')
BERTopic_topic_10,1.0,similarity+text_similarity+interactions,BrokenProcessPool,BrokenProcessPool('A process in the process pool was terminated abruptly while the future was running or pending.')
BERTopic_topic_512,0.01,similarity,BrokenProcessPool,BrokenProcessPool('A process in the process pool was terminated abruptly while the future was running or pending.')
BERTopic_topic_512,0.01,text_similarity,BrokenProcessPool,BrokenProcessPool('A process in the process pool was terminated abruptly while the future was running or pending.')
BERTopic_topic_512,0.01,interactions,BrokenProcessPool,BrokenProcessPool('A process in the process pool was terminated abruptly while the future was running or pending.')
BERTopic_topic_512,0.01,similarity+text_similarity,BrokenProcessPool,BrokenProcessPool('A process in the process pool was terminated abruptly while the future was running or pending.')
BERTopic_topic_512,0.01,similarity+interactions,BrokenProcessPool,BrokenProcessPool('A process in the process pool was terminated abruptly while the future was running or pending.')
BERTopic_topic_512,0.01,text_similarity+interactions,BrokenProcessPool,BrokenProcessPool('A process in the process pool was terminated abruptly while the future was running or pending.')
BERTopic_topic_512,0.01,similarity+text_similarity+interactions,BrokenProcessPool,BrokenProcessPool('A process in the process pool was terminated abruptly while the future was running or pending.')
BERTopic_topic_512,0.05,similarity,BrokenProcessPool,BrokenProcessPool('A process in the process pool was terminated abruptly while the future was running or pending.')
BERTopic_topic_512,0.05,text_similarity,BrokenProcessPool,BrokenProcessPool('A process in the process pool was terminated abruptly while the future was running or pending.')
BERTopic_topic_512,0.05,interactions,BrokenProcessPool,BrokenProcessPool('A process in the process pool was terminated abruptly while the future was running or pending.')
BERTopic_topic_512,0.05,similarity+text_similarity,BrokenProcessPool,BrokenProcessPool('A process in the process pool was terminated abruptly while the future was running or pending.')
BERTopic_topic_512,0.05,similarity+interactions,BrokenProcessPool,BrokenProcessPool('A process in the process pool was terminated abruptly while the future was running or pending.')
BERTopic_topic_512,0.05,text_similarity+interactions,BrokenProcessPool,BrokenProcessPool('A process in the process pool was terminated abruptly while the future was running or pending.')
BERTopic_topic_512,0.05,similarity+text_similarity+interactions,BrokenProcessPool,BrokenProcessPool('A process in the process pool was terminated abruptly while the future was running or pending.')
BERTopic_topic_512,0.1,similarity,BrokenProcessPool,BrokenProcessPool('A process in the process pool was terminated abruptly while the future was running or pending.')
BERTopic_topic_512,0.1,text_similarity,BrokenProcessPool,BrokenProcessPool('A process in the process pool was terminated abruptly while the future was running or pending.')
BERTopic_topic_512,0.1,interactions,BrokenProcessPool,BrokenProcessPool('A process in the process pool was terminated abruptly while the future was running or pending.')
BERTopic_topic_512,0.1,similarity+text_similarity,BrokenProcessPool,BrokenProcessPool('A process in the process pool was terminated abruptly while the future was running or pending.')
BERTopic_topic_512,0.1,similarity+interactions,BrokenProcessPool,BrokenProcessPool('A process in the process pool was terminated abruptly while the future was running or pending.')
BERTopic_topic_512,0.1,text_similarity+interactions,BrokenProcessPool,BrokenProcessPool('A process in the process pool was terminated abruptly while the future was running or pending.')
BERTopic_topic_512,0.1,similarity+text_similarity+interactions,BrokenProcessPool,BrokenProcessPool('A process in the process pool was terminated abruptly while the future was running or pending.')
BERTopic_topic_512,0.2,similarity,BrokenProcessPool,BrokenProcessPool('A process in the process pool was terminated abruptly while the future was running or pending.')
BERTopic_topic_512,0.2,text_similarity,BrokenProcessPool,BrokenProcessPool('A process in the process pool was terminated abruptly while the future was running or pending.')
BERTopic_topic_512,0.2,interactions,BrokenProcessPool,BrokenProcessPool('A process in the process pool was terminated abruptly while the future was running or pending.')
BERTopic_topic_512,0.2,similarity+text_similarity,BrokenProcessPool,BrokenProcessPool('A process in the process pool was terminated abruptly while the future was running or pending.')
BERTopic_topic_512,0.2,similarity+interactions,BrokenProcessPool,BrokenProcessPool('A process in the process pool was terminated abruptly while the future was running or pending.')
BERTopic_topic_512,0.2,text_similarity+interactions,BrokenProcessPool,BrokenProcessPool('A process in the process pool was terminated abruptly while the future was running or pending.')
BERTopic_topic_512,0.2,similarity+text_similarity+interactions,BrokenProcessPool,BrokenProcessPool('A process in the process pool was terminated abruptly while the future was running or pending.')
BERTopic_topic_512,0.5,similarity,BrokenProcessPool,BrokenProcessPool('A process in the process pool was terminated abruptly while the future was running or pending.')
BERTopic_topic_512,0.5,text_similarity,BrokenProcessPool,BrokenProcessPool('A process in the process pool was terminated abruptly while the future was running or pending.')
BERTopic_topic_512,0.5,interactions,BrokenProcessPool,BrokenProcessPool('A process in the process pool was terminated abruptly while the future was running or pending.')
BERTopic_topic_512,0.5,similarity+text_similarity,BrokenProcessPool,BrokenProcessPool('A process in the process pool was terminated abruptly while the future was running or pending.')
BERTopic_topic_512,0.5,similarity+interactions,BrokenProcessPool,BrokenProcessPool('A process in the process pool was terminated abruptly while the future was running or pending.')
BERTopic_topic_512,0.5,text_similarity+interactions,BrokenProcessPool,BrokenProcessPool('A process in the process pool was terminated abruptly while the future was running or pending.')
BERTopic_topic_512,0.5,similarity+text_similarity+interactions,BrokenProcessPool,BrokenProcessPool('A process in the process pool was terminated abruptly while the future was running or pending.')
BERTopic_topic_512,1.0,similarity,BrokenProcessPool,BrokenProcessPool('A process in the process pool was terminated abruptly while the future was running or pending.')
BERTopic_topic_512,1.0,text_similarity,BrokenProcessPool,BrokenProcessPool('A process in the process pool was terminated abruptly while the future was running or pending.')
BERTopic_topic_512,1.0,interactions,BrokenProcessPool,BrokenProcessPool('A process in the process pool was terminated abruptly while the future was running or pending.')
BERTopic_topic_512,1.0,similarity+text_similarity,BrokenProcessPool,BrokenProcessPool('A process in the process pool was terminated abruptly while the future was running or pending.')
BERTopic_topic_512,1.0,similarity+interactions,BrokenProcessPool,BrokenProcessPool('A process in the process pool was terminated abruptly while the future was running or pending.')
BERTopic_topic_512,1.0,text_similarity+interactions,BrokenProcessPool,BrokenProcessPool('A process in the process pool was terminated abruptly while the future was running or pending.')
BERTopic_topic_512,1.0,similarity+text_similarity+interactions,BrokenProcessPool,BrokenProcessPool('A process in the process pool was terminated abruptly while the future was running or pending.')
