,degree_centrality,harmonic_centrality,eigenvector_centrality,betweenness_centrality,pagerank,core_number,clustering,louvain_community,key_score_sum,key_score_dominance,posting_dominance,top_topic
degree_centrality,1.0,0.41492172546117057,0.5944025197957405,0.7152245753438531,0.8603820560552794,0.34135788049033605,-0.2004927966254799,-0.0458532955247034,0.4115270611983412,0.009640957810879376,0.12195814224820398,-0.10209135397876683
harmonic_centrality,0.41492172546117057,1.0,0.3573921241624273,0.15176574189379347,0.29804055076137576,0.5125592550517104,-0.2582929403577871,-0.05184327485526698,0.38782043653170284,0.15712322182318783,0.3466043173563754,-0.277299182255567
eigenvector_centrality,0.5944025197957405,0.3573921241624273,1.0,0.5694368998138961,0.8005996966052572,0.03980448240213268,-0.07657548784211553,-0.03287568237293093,0.12156798607777072,-0.14053563349465176,0.031276321200948004,-0.03433236539527087
betweenness_centrality,0.7152245753438531,0.15176574189379347,0.5694368998138961,1.0,0.9113619975784857,0.04082474946116302,-0.07497579706409606,2.3610507551967857e-05,0.2597708503505747,-0.05908643047116159,0.018335455443788593,-0.01729166748424225
pagerank,0.8603820560552794,0.29804055076137576,0.8005996966052572,0.9113619975784857,1.0,0.08051913572646589,-0.1194509366292358,-0.009717053546758721,0.27841206306009175,-0.08879734332010894,0.04521080019816774,-0.03879605424972615
core_number,0.34135788049033605,0.5125592550517104,0.03980448240213268,0.04082474946116302,0.08051913572646589,1.0,-0.03220474058803828,-0.18035663043137656,0.1464878336491481,0.1914404626960523,0.2584682752525548,-0.23435540121577247
clustering,-0.2004927966254799,-0.2582929403577871,-0.07657548784211553,-0.07497579706409606,-0.1194509366292358,-0.03220474058803828,1.0,-0.008787030855831409,-0.18761733510054518,0.029167393824413544,-0.08403173184538643,0.06385040940482692
louvain_community,-0.0458532955247034,-0.05184327485526698,-0.03287568237293093,2.3610507551967857e-05,-0.009717053546758721,-0.18035663043137656,-0.008787030855831409,1.0,0.004908528928270529,-0.026425364080103222,-0.01950294442893531,-0.0010210092787120428
key_score_sum,0.4115270611983412,0.38782043653170284,0.12156798607777072,0.2597708503505747,0.27841206306009175,0.1464878336491481,-0.18761733510054518,0.004908528928270529,1.0,0.12460264781333237,0.17808221741886754,-0.07379104174189265
key_score_dominance,0.009640957810879376,0.15712322182318783,-0.14053563349465176,-0.05908643047116159,-0.08879734332010894,0.1914404626960523,0.029167393824413544,-0.026425364080103222,0.12460264781333237,1.0,0.5858934137183899,-0.27629209783992476
posting_dominance,0.12195814224820398,0.3466043173563754,0.031276321200948004,0.018335455443788593,0.04521080019816774,0.2584682752525548,-0.08403173184538643,-0.01950294442893531,0.17808221741886754,0.5858934137183899,1.0,-0.38800137195281625
top_topic,-0.10209135397876683,-0.277299182255567,-0.03433236539527087,-0.01729166748424225,-0.03879605424972615,-0.23435540121577247,0.06385040940482692,-0.0010210092787120428,-0.07379104174189265,-0.27629209783992476,-0.38800137195281625,1.0
