entity,count
ukraine,21
минправдысообщает,11
битваолигархов,7
константиновскийбунт,7
putin,5
askputin,4
russia,4
russian,4
ministry,4
ukrainian,4
fe392066624cb878075b695af4123b0de58814cff4,4
raine,3
ukrainians,3
спросипутина,3
yerevanbesmart,2
конгретьюлейшен,2
8fa3cfbe1b9cf47694243be193d6c39167f901856c,2
e2ba7a9ff7e8080f55210781a3bbd6ea37d57eb64b,2
путинскиесамыелучшие,2
двойныеcтандарты,2
вернитекалифорнию,2
syria,2
russian_football_union,2
ministry_foreign_affairs,2
vladimir_putin,2
ople,2
ian,2
vitaly_mutko,2
мойгерой,1
мойденьпобеды,1
посланиепотомкам,1
загадочноелицо,1
миллионголосовроссии,1
украинабросиласвоих,1
5причинбомбитьигил,1
цскаспортинг,1
a8296a754d531d7e8b3cfbb82d2899baa86db86d49,1
главнаяугроза,1
6d05b8e1ef86132b8095904bc9c62aa31cb97e5315,1
сша,1
этобомба,1
интересное,1
яполина,1
любитнелюбит,1
harryispregnantfromlouis,1
киевответьзабоинг,1
захарчукневиновен,1
храброесердце,1
indyref,1
клеветапокиевски,1
маршединства,1
альтеп,1
путинговорит,1
кискаизвладика,1
8e0dbfcad392bfc26b4df506cb1aa020584a042684,1
01ee9aa8894cccb3ce8394e04489e2791d8e859c39,1
b5854f45869782457ef9d2004d5f4552d4bf371092,1
786e6804026e9ed5fbbe3525aeec53d9ff04d30e60,1
de20d2b4b36f4e93d328b0f4704ce0583506774ef3,1
0e2436258ad510a4c3619adad90aa876577357565b,1
a582ce69041392e6f76d12b5cc29e698e33233fa04,1
82d95a8294f26b7cb2d44ca3c825d5d5a9ef507c1d,1
7b805b27c8b392a38b9bf1ec23e5d59a1bc5df2fec,1
8094f9b203ff2042ae81621b1a7eafbd9eda96502a,1
d779e8b12c38b138b2e47631d380b66e89f8da0a95,1
6efe9c2ffcd5386a88814532e489dbb51199e5e5aa,1
705bab133360ba4dff1de9dfc7d81e57c12bc0e0ab,1
f4cae507675b46d3915d9dc654b74274704d83d43f,1
5c6f33ea9b0fcc550bf65de02753c0338efb56253f,1
maidan,1
v,1
kiev,1
zaboing,1
california,1
kewotweetszaboing,1
scotland,1
grandpa_lenin,1
mi,1
u.s.,1
europeans,1
independence_referendum,1
866875ffe591aae97fafe445e9ebac7887ea6d8afa,1
91a0256f4398dbd6bc144d375668de5d7923b89c03,1
2000,1
6c450c1ac6ffdaf1905327f43d695e80f15e9909dd,1
7033209a63ff2d2b200f3a432aec8355408e062281,1
dnieper,1
unity_russia,1
vwp,1
ruzhan,1
russia's_defense_ministry,1
world,1
iranians,1
iran,1
mr,1
clichy,1
tamara,1
pierluigi_collin,1
interstellar,1
affairs,1
ukrainian_democracy,1
china,1
bass,1
donetsk,1
altep,1
davos,1
anton_gerashchenko,1
american,1
constantino,1
liberators,1
united_states,1
fascists,1
vladimir_vladimirovich,1
twitter,1
herevan,1
eurovision,1
micki,1
harvard,1
