topic_col,account_relations_configuration,indicators_configuration,graph_authors_auc,graph_authors_f1,graph_authors_auc_pr,graph_authors_recall,graph_authors_precision,all_authors_auc,all_authors_f1,all_authors_auc_pr,all_authors_recall,all_authors_precision
BERTopic_topic_10,interactions,All,0.9360982839438758,0.8240859110266012,0.8688016293986238,0.737756479162061,0.9455787850851084,0.9360982839438758,0.8240859110266012,0.8688016293986238,0.737756479162061,0.9455787850851084
BERTopic_topic_10,interactions,All but Betweenness and Harmonic,0.9344953583107731,0.8261699300975713,0.8668934073939933,0.7404188981214097,0.9449936226172994,0.9344953583107731,0.8261699300975713,0.8668934073939933,0.7404188981214097,0.9449936226172994
BERTopic_topic_10,interactions,Core Number Only,0.7738251439624932,0.3600279750573722,0.4480617690158881,0.2766026411227396,0.5348747840532645,0.7738251439624932,0.3600279750573722,0.4480617690158881,0.2766026411227396,0.5348747840532645
BERTopic_topic_10,similarity,All,0.9794192189740253,0.9121296625317221,0.9532767875528658,0.8649454337993949,0.9718564418527323,0.9794192189740253,0.9121296625317221,0.9532767875528658,0.8649454337993949,0.9718564418527323
BERTopic_topic_10,similarity,All but Betweenness and Harmonic,0.9785372738950652,0.9076285968045757,0.9479525338678807,0.8590127919854065,0.9704774391540448,0.9785372738950652,0.9076285968045757,0.9479525338678807,0.8590127919854065,0.9704774391540448
BERTopic_topic_10,similarity,Core Number Only,0.905350566306624,0.6882905779329217,0.7599689341011653,0.5913692861749342,0.8450398182505446,0.905350566306624,0.6882905779329217,0.7599689341011653,0.5913692861749342,0.8450398182505446
BERTopic_topic_10,similarity+interactions,All,0.9802382973548155,0.9107800336865852,0.9538046032115669,0.8634934627874429,0.9715115319396647,0.9802382973548155,0.9107800336865852,0.9538046032115669,0.8634934627874429,0.9715115319396647
BERTopic_topic_10,similarity+interactions,All but Betweenness and Harmonic,0.9790884267280817,0.9070069760734368,0.9482610424323477,0.8595285150117329,0.9687402495543096,0.9790884267280817,0.9070069760734368,0.9482610424323477,0.8595285150117329,0.9687402495543096
BERTopic_topic_10,similarity+interactions,Core Number Only,0.9039900830098827,0.6886851538367167,0.7584553749580663,0.5917287126056086,0.8452610692199836,0.9039900830098827,0.6886851538367167,0.7584553749580663,0.5917287126056086,0.8452610692199836
BERTopic_topic_10,similarity+text_similarity,All,0.9750095616909794,0.9320336071441333,0.9533218022415642,0.8922926806629877,0.9814804323165964,0.9750095616909794,0.9320336071441333,0.9533218022415642,0.8922926806629877,0.9814804323165964
BERTopic_topic_10,similarity+text_similarity,All but Betweenness and Harmonic,0.9828792904533743,0.932799629701007,0.9577924383700471,0.8930583739967085,0.9815040824352947,0.9828792904533743,0.932799629701007,0.9577924383700471,0.8930583739967085,0.9815040824352947
BERTopic_topic_10,similarity+text_similarity,Core Number Only,0.9141236286297065,0.6631731279912878,0.7238703466444535,0.6053372242095123,0.7870916666177202,0.9141236286297065,0.6631731279912878,0.7238703466444535,0.6053372242095123,0.7870916666177202
BERTopic_topic_10,similarity+text_similarity+interactions,All,0.9726257233566707,0.9263818198667467,0.9485570355288453,0.8860256022160617,0.9769560154432662,0.9726257233566707,0.9263818198667467,0.9485570355288453,0.8860256022160617,0.9769560154432662
BERTopic_topic_10,similarity+text_similarity+interactions,All but Betweenness and Harmonic,0.9825638036431723,0.9299848339336975,0.9558743817288283,0.8896781893867052,0.9796009409326276,0.9825638036431723,0.9299848339336975,0.9558743817288283,0.8896781893867052,0.9796009409326276
BERTopic_topic_10,similarity+text_similarity+interactions,Core Number Only,0.9157384725796656,0.6658223922589109,0.733129054023635,0.607396315824047,0.7926222823909129,0.9157384725796656,0.6658223922589109,0.733129054023635,0.607396315824047,0.7926222823909129
BERTopic_topic_10,text_similarity,All,0.9684541837818413,0.9273202470898395,0.9482460774444296,0.8938578346027772,0.966577112505403,0.9684541837818413,0.9273202470898395,0.9482460774444296,0.8938578346027772,0.966577112505403
BERTopic_topic_10,text_similarity,All but Betweenness and Harmonic,0.9786742162970806,0.9270931193892274,0.9533556326591517,0.8908154416087323,0.9722492969765839,0.9786742162970806,0.9270931193892274,0.9533556326591517,0.8908154416087323,0.9722492969765839
BERTopic_topic_10,text_similarity,Core Number Only,0.9181892055581454,0.6714416617254231,0.7338427219776205,0.6131368129256178,0.7832079366640676,0.9181892055581454,0.6714416617254231,0.7338427219776205,0.6131368129256178,0.7832079366640676
BERTopic_topic_10,text_similarity+interactions,All,0.9717595604453404,0.9318565168496623,0.9499933296239941,0.8985442228464936,0.9709248719291329,0.9717595604453404,0.9318565168496623,0.9499933296239941,0.8985442228464936,0.9709248719291329
BERTopic_topic_10,text_similarity+interactions,All but Betweenness and Harmonic,0.981197827782166,0.9300267583654038,0.9562337025178161,0.8944366300893276,0.974352886621864,0.981197827782166,0.9300267583654038,0.9562337025178161,0.8944366300893276,0.974352886621864
BERTopic_topic_10,text_similarity+interactions,Core Number Only,0.9193317570945347,0.6688729613691957,0.7338704011008068,0.6111625562937242,0.7789248680298291,0.9193317570945347,0.6688729613691957,0.7338704011008068,0.6111625562937242,0.7789248680298291
BERTopic_topic_128,interactions,All,0.9357997605377767,0.8210664324732772,0.8638344633022873,0.7357349573449272,0.9392560828775088,0.9357997605377767,0.8210664324732772,0.8638344633022873,0.7357349573449272,0.9392560828775088
BERTopic_topic_128,interactions,All but Betweenness and Harmonic,0.9345195961721987,0.8180338980186439,0.8599705051205494,0.7326118320628994,0.9373409960844836,0.9345195961721987,0.8180338980186439,0.8599705051205494,0.7326118320628994,0.9373409960844836
BERTopic_topic_128,interactions,Core Number Only,0.7738251439624932,0.3600279750573722,0.4480617690158881,0.2766026411227396,0.5348747840532645,0.7738251439624932,0.3600279750573722,0.4480617690158881,0.2766026411227396,0.5348747840532645
BERTopic_topic_128,similarity,All,0.9749290730987946,0.8902388184755414,0.9310354129991791,0.8384910020973764,0.9671142043845902,0.9749290730987946,0.8902388184755414,0.9310354129991791,0.8384910020973764,0.9671142043845902
BERTopic_topic_128,similarity,All but Betweenness and Harmonic,0.9757509571532326,0.8935888243373975,0.9330601552928341,0.8440838824323718,0.963288950159493,0.9757509571532326,0.8935888243373975,0.9330601552928341,0.8440838824323718,0.963288950159493
BERTopic_topic_128,similarity,Core Number Only,0.905350566306624,0.6882905779329217,0.7599689341011653,0.5913692861749342,0.8450398182505446,0.905350566306624,0.6882905779329217,0.7599689341011653,0.5913692861749342,0.8450398182505446
BERTopic_topic_128,similarity+interactions,All,0.9751647364983135,0.8856420638418216,0.9311187662839804,0.835974948595164,0.9642528904525736,0.9751647364983135,0.8856420638418216,0.9311187662839804,0.835974948595164,0.9642528904525736
BERTopic_topic_128,similarity+interactions,All but Betweenness and Harmonic,0.9751076640796877,0.8897167687472939,0.9328567260241789,0.8396869365731181,0.9639159578469171,0.9751076640796877,0.8897167687472939,0.9328567260241789,0.8396869365731181,0.9639159578469171
BERTopic_topic_128,similarity+interactions,Core Number Only,0.9039900830098827,0.6886851538367167,0.7584553749580663,0.5917287126056086,0.8452610692199836,0.9039900830098827,0.6886851538367167,0.7584553749580663,0.5917287126056086,0.8452610692199836
BERTopic_topic_128,similarity+text_similarity,All,0.9687010517941947,0.9262505239933679,0.9484220053470056,0.8880543075348724,0.9773139020693736,0.9687010517941947,0.9262505239933679,0.9484220053470056,0.8880543075348724,0.9773139020693736
BERTopic_topic_128,similarity+text_similarity,All but Betweenness and Harmonic,0.9776563882405698,0.918124907957719,0.9465749803229583,0.8799422305059992,0.97083087025873,0.9776563882405698,0.918124907957719,0.9465749803229583,0.8799422305059992,0.97083087025873
BERTopic_topic_128,similarity+text_similarity,Core Number Only,0.922019125442925,0.6615772776761615,0.7243374294271686,0.6192264499980975,0.7540624992634241,0.922019125442925,0.6615772776761615,0.7243374294271686,0.6192264499980975,0.7540624992634241
BERTopic_topic_128,similarity+text_similarity+interactions,All,0.9668874261077032,0.9257781048165725,0.9447184931443596,0.8893738585446125,0.9757323510005322,0.9668874261077032,0.9257781048165725,0.9447184931443596,0.8893738585446125,0.9757323510005322
BERTopic_topic_128,similarity+text_similarity+interactions,All but Betweenness and Harmonic,0.9776096032090711,0.9182203949889628,0.9462660729653345,0.8827750940399954,0.9698748944231832,0.9776096032090711,0.9182203949889628,0.9462660729653345,0.8827750940399954,0.9698748944231832
BERTopic_topic_128,similarity+text_similarity+interactions,Core Number Only,0.9215734156477549,0.6614968877880291,0.7250690193246816,0.617629893299696,0.7553535644070033,0.9215734156477549,0.6614968877880291,0.7250690193246816,0.617629893299696,0.7553535644070033
BERTopic_topic_128,text_similarity,All,0.9775999953908465,0.9095188193237276,0.9463064338175163,0.8849510829552022,0.9441766428681044,0.9775999953908465,0.9095188193237276,0.9463064338175163,0.8849510829552022,0.9441766428681044
BERTopic_topic_128,text_similarity,All but Betweenness and Harmonic,0.9790484699440086,0.9216472204021355,0.9466297392824035,0.8860360846449897,0.968235569353169,0.9790484699440086,0.9216472204021355,0.9466297392824035,0.8860360846449897,0.968235569353169
BERTopic_topic_128,text_similarity,Core Number Only,0.9241538422087883,0.6519869117359144,0.7240416992138317,0.6140384939400526,0.7385256877941891,0.9241538422087883,0.6519869117359144,0.7240416992138317,0.6140384939400526,0.7385256877941891
BERTopic_topic_128,text_similarity+interactions,All,0.9782027438328567,0.921593826454354,0.9541376949367832,0.8879733498936543,0.9672614888666232,0.9782027438328567,0.921593826454354,0.9541376949367832,0.8879733498936543,0.9672614888666232
BERTopic_topic_128,text_similarity+interactions,All but Betweenness and Harmonic,0.9790038166902436,0.9208696902005236,0.9463632127580285,0.884989756463584,0.9685704988591777,0.9790038166902436,0.9208696902005236,0.9463632127580285,0.884989756463584,0.9685704988591777
BERTopic_topic_128,text_similarity+interactions,Core Number Only,0.9236767479108939,0.6601355268864221,0.7254594734963719,0.6195856282463721,0.7434241708045831,0.9236767479108939,0.6601355268864221,0.7254594734963719,0.6195856282463721,0.7434241708045831
BERTopic_topic_256,interactions,All,0.9357238702872875,0.8118113350333114,0.8632925767282777,0.7258819901821665,0.9308162480466647,0.9357238702872875,0.8118113350333114,0.8632925767282777,0.7258819901821665,0.9308162480466647
BERTopic_topic_256,interactions,All but Betweenness and Harmonic,0.9326875768286881,0.7974675179200812,0.8562878613513668,0.7083412746050415,0.9275040718605917,0.9326875768286881,0.7974675179200812,0.8562878613513668,0.7083412746050415,0.9275040718605917
BERTopic_topic_256,interactions,Core Number Only,0.7738251439624932,0.3600279750573722,0.4480617690158881,0.2766026411227396,0.5348747840532645,0.7738251439624932,0.3600279750573722,0.4480617690158881,0.2766026411227396,0.5348747840532645
BERTopic_topic_256,similarity,All,0.975283831194131,0.8854179154039343,0.9284463293904933,0.8337716700134448,0.9635447544723709,0.975283831194131,0.8854179154039343,0.9284463293904933,0.8337716700134448,0.9635447544723709
BERTopic_topic_256,similarity,All but Betweenness and Harmonic,0.9761269233993397,0.8881499370232921,0.9302854179527434,0.837314883110181,0.9619261003480273,0.9761269233993397,0.8881499370232921,0.9302854179527434,0.837314883110181,0.9619261003480273
BERTopic_topic_256,similarity,Core Number Only,0.905350566306624,0.6882905779329217,0.7599689341011653,0.5913692861749342,0.8450398182505446,0.905350566306624,0.6882905779329217,0.7599689341011653,0.5913692861749342,0.8450398182505446
BERTopic_topic_256,similarity+interactions,All,0.9747293442511636,0.8798223180891234,0.9279613624604617,0.8281085273876714,0.9664037151738122,0.9747293442511636,0.8798223180891234,0.9279613624604617,0.8281085273876714,0.9664037151738122
BERTopic_topic_256,similarity+interactions,All but Betweenness and Harmonic,0.9757295995871961,0.8877484461888403,0.9295012787844564,0.8366440732078768,0.9638347925481382,0.9757295995871961,0.8877484461888403,0.9295012787844564,0.8366440732078768,0.9638347925481382
BERTopic_topic_256,similarity+interactions,Core Number Only,0.9039900830098827,0.6886851538367167,0.7584553749580663,0.5917287126056086,0.8452610692199836,0.9039900830098827,0.6886851538367167,0.7584553749580663,0.5917287126056086,0.8452610692199836
BERTopic_topic_256,similarity+text_similarity,All,0.970759796250635,0.8793416146734511,0.914833403677042,0.8675412266339605,0.8938284174322119,0.970759796250635,0.8793416146734511,0.914833403677042,0.8675412266339605,0.8938284174322119
BERTopic_topic_256,similarity+text_similarity,All but Betweenness and Harmonic,0.9800166207983264,0.9279201482988237,0.9511084689601904,0.8921453577371403,0.9743350049070211,0.9800166207983264,0.9279201482988237,0.9511084689601904,0.8921453577371403,0.9743350049070211
BERTopic_topic_256,similarity+text_similarity,Core Number Only,0.9171381533109315,0.5878931601462207,0.6794063686632108,0.5771932047044189,0.7025426480438673,0.9171381533109315,0.5878931601462207,0.6794063686632108,0.5771932047044189,0.7025426480438673
BERTopic_topic_256,similarity+text_similarity+interactions,All,0.9728317841938792,0.8948144122160804,0.9256288211807414,0.8764069330264154,0.9169000309166998,0.9728317841938792,0.8948144122160804,0.9256288211807414,0.8764069330264154,0.9169000309166998
BERTopic_topic_256,similarity+text_similarity+interactions,All but Betweenness and Harmonic,0.9799140155112271,0.9283077125751272,0.9504930426769287,0.8912869470302316,0.9765960714711935,0.9799140155112271,0.9283077125751272,0.9504930426769287,0.8912869470302316,0.9765960714711935
BERTopic_topic_256,similarity+text_similarity+interactions,Core Number Only,0.9172678852482492,0.5923695788987935,0.6794439178287015,0.5795847205949661,0.6794322344006875,0.9172678852482492,0.5923695788987935,0.6794439178287015,0.5795847205949661,0.6794322344006875
BERTopic_topic_256,text_similarity,All,0.9673538145066316,0.9099299088573366,0.9393523137274536,0.8815281054158404,0.9512902401066413,0.9673538145066316,0.9099299088573366,0.9393523137274536,0.8815281054158404,0.9512902401066413
BERTopic_topic_256,text_similarity,All but Betweenness and Harmonic,0.9772737020299114,0.9123854710111059,0.9449944135136616,0.8761795371459729,0.9682854335382614,0.9772737020299114,0.9123854710111059,0.9449944135136616,0.8761795371459729,0.9682854335382614
BERTopic_topic_256,text_similarity,Core Number Only,0.9186552434145574,0.5950267067803143,0.683603386911125,0.5818459264857603,0.6808252161033281,0.9186552434145574,0.5950267067803143,0.683603386911125,0.5818459264857603,0.6808252161033281
BERTopic_topic_256,text_similarity+interactions,All,0.9687691405008516,0.9077624024685313,0.9418078016360928,0.8834040031585979,0.944808734779476,0.9687691405008516,0.9077624024685313,0.9418078016360928,0.8834040031585979,0.944808734779476
BERTopic_topic_256,text_similarity+interactions,All but Betweenness and Harmonic,0.9760969414535455,0.9078168430826388,0.941546296123922,0.8676569535444093,0.9695385915309332,0.9760969414535455,0.9078168430826388,0.941546296123922,0.8676569535444093,0.9695385915309332
BERTopic_topic_256,text_similarity+interactions,Core Number Only,0.9186368914865464,0.5950721151975462,0.6827603575813928,0.5815999280008844,0.6814313363457932,0.9186368914865464,0.5950721151975462,0.6827603575813928,0.5815999280008844,0.6814313363457932
BERTopic_topic_512,interactions,All,0.9352163822586108,0.7951823063767085,0.8509312881879424,0.7135407589389752,0.9078094043510987,0.9352163822586108,0.7951823063767085,0.8509312881879424,0.7135407589389752,0.9078094043510987
BERTopic_topic_512,interactions,All but Betweenness and Harmonic,0.9345559431165559,0.786353124236129,0.8467395750128861,0.7017139370280243,0.9044506604431665,0.9345559431165559,0.786353124236129,0.8467395750128861,0.7017139370280243,0.9044506604431665
BERTopic_topic_512,interactions,Core Number Only,0.7738251439624932,0.3600279750573722,0.4480617690158881,0.2766026411227396,0.5348747840532645,0.7738251439624932,0.3600279750573722,0.4480617690158881,0.2766026411227396,0.5348747840532645
BERTopic_topic_512,similarity,All,0.9758983457233514,0.893066183130333,0.9357045659512914,0.8405332116579564,0.9681344591006685,0.9758983457233514,0.893066183130333,0.9357045659512914,0.8405332116579564,0.9681344591006685
BERTopic_topic_512,similarity,All but Betweenness and Harmonic,0.9772498724919223,0.8938179640819945,0.9367524879182376,0.8449598220948996,0.9586024967738537,0.9772498724919223,0.8938179640819945,0.9367524879182376,0.8449598220948996,0.9586024967738537
BERTopic_topic_512,similarity,Core Number Only,0.905350566306624,0.6882905779329217,0.7599689341011653,0.5913692861749342,0.8450398182505446,0.905350566306624,0.6882905779329217,0.7599689341011653,0.5913692861749342,0.8450398182505446
BERTopic_topic_512,similarity+interactions,All,0.9769313943819083,0.8877428908544365,0.9360146554047467,0.8367770456306577,0.9618360886368724,0.9769313943819083,0.8877428908544365,0.9360146554047467,0.8367770456306577,0.9618360886368724
BERTopic_topic_512,similarity+interactions,All but Betweenness and Harmonic,0.9764628415144977,0.8896627648106088,0.934860530523916,0.8395363407136224,0.9602634547529701,0.9764628415144977,0.8896627648106088,0.934860530523916,0.8395363407136224,0.9602634547529701
BERTopic_topic_512,similarity+interactions,Core Number Only,0.9039900830098827,0.6886851538367167,0.7584553749580663,0.5917287126056086,0.8452610692199836,0.9039900830098827,0.6886851538367167,0.7584553749580663,0.5917287126056086,0.8452610692199836
BERTopic_topic_512,similarity+text_similarity,All,0.9792842194069371,0.9187721980584054,0.9476970699904526,0.8925584946364099,0.9558425139914623,0.9792842194069371,0.9187721980584054,0.9476970699904526,0.8925584946364099,0.9558425139914623
BERTopic_topic_512,similarity+text_similarity,All but Betweenness and Harmonic,0.9809013255328521,0.9165111061919919,0.9436995173568783,0.8826001283866991,0.9606850706962392,0.9809013255328521,0.9165111061919919,0.9436995173568783,0.8826001283866991,0.9606850706962392
BERTopic_topic_512,similarity+text_similarity,Core Number Only,0.9246464037320791,0.6466135028541039,0.7120562132263234,0.6234056673368631,0.7635306040017455,0.9246464037320791,0.6466135028541039,0.7120562132263234,0.6234056673368631,0.7635306040017455
BERTopic_topic_512,similarity+text_similarity+interactions,All,0.97874742928586,0.9120074120522624,0.9465784340430573,0.889876847869971,0.948666829199565,0.97874742928586,0.9120074120522624,0.9465784340430573,0.889876847869971,0.948666829199565
BERTopic_topic_512,similarity+text_similarity+interactions,All but Betweenness and Harmonic,0.9804897454789833,0.9167102330456961,0.9436335706379089,0.8819893069731619,0.9637472199432621,0.9804897454789833,0.9167102330456961,0.9436335706379089,0.8819893069731619,0.9637472199432621
BERTopic_topic_512,similarity+text_similarity+interactions,Core Number Only,0.9244802958653556,0.6479037809540021,0.7125671044834488,0.624160074474249,0.7648220671496782,0.9244802958653556,0.6479037809540021,0.7125671044834488,0.624160074474249,0.7648220671496782
BERTopic_topic_512,text_similarity,All,0.9781031890641282,0.9104139953314111,0.946951896466847,0.8880002315736175,0.9479003501797002,0.9781031890641282,0.9104139953314111,0.946951896466847,0.8880002315736175,0.9479003501797002
BERTopic_topic_512,text_similarity,All but Betweenness and Harmonic,0.9807690278528818,0.916305435895584,0.942944522371761,0.8841260469042224,0.9591721155891428,0.9807690278528818,0.916305435895584,0.942944522371761,0.8841260469042224,0.9591721155891428
BERTopic_topic_512,text_similarity,Core Number Only,0.9241668661362462,0.6466044676593223,0.7094735877225585,0.6244373511744744,0.7443181607852289,0.9241668661362462,0.6466044676593223,0.7094735877225585,0.6244373511744744,0.7443181607852289
BERTopic_topic_512,text_similarity+interactions,All,0.9769301400683896,0.9157539192950848,0.9472986418421594,0.8890534754095748,0.954615461012869,0.9769301400683896,0.9157539192950848,0.9472986418421594,0.8890534754095748,0.954615461012869
BERTopic_topic_512,text_similarity+interactions,All but Betweenness and Harmonic,0.980260919092859,0.9159440209993368,0.9415793141153611,0.8819073337731813,0.9630648813649582,0.980260919092859,0.9159440209993368,0.9415793141153611,0.8819073337731813,0.9630648813649582
BERTopic_topic_512,text_similarity+interactions,Core Number Only,0.9237828559012488,0.6465162273696341,0.7105179613748567,0.624039884575203,0.7483566107823828,0.9237828559012488,0.6465162273696341,0.7105179613748567,0.624039884575203,0.7483566107823828
K_Means_topic_128,interactions,All,0.9134813237056507,0.7355023427782412,0.7952352444434511,0.6277777777777778,0.8959620105207353,0.9134813237056507,0.7355023427782412,0.7952352444434511,0.6277777777777778,0.8959620105207353
K_Means_topic_128,interactions,All but Betweenness and Harmonic,0.9121283120335962,0.7395457084341835,0.7931540574163435,0.6368686868686869,0.8903986059492764,0.9121283120335962,0.7395457084341835,0.7931540574163435,0.6368686868686869,0.8903986059492764
K_Means_topic_128,interactions,Core Number Only,0.8144078874487648,0.4468896907483373,0.5324458527035747,0.3126262626262626,0.7855639000328534,0.8144078874487648,0.4468896907483373,0.5324458527035747,0.3126262626262626,0.7855639000328534
K_Means_topic_128,similarity,All,0.9761602062499369,0.9068938796419355,0.9445928379334222,0.847979797979798,0.9797215595066658,0.9761602062499369,0.9068938796419355,0.9445928379334222,0.847979797979798,0.9797215595066658
K_Means_topic_128,similarity,All but Betweenness and Harmonic,0.9754506178434393,0.909404607512327,0.9443063467509818,0.8535353535353535,0.977461893123293,0.9754506178434393,0.909404607512327,0.9443063467509818,0.8535353535353535,0.977461893123293
K_Means_topic_128,similarity,Core Number Only,0.9218799158081311,0.837627895835472,0.8616745283727397,0.7222222222222222,0.9972565157750344,0.9218799158081311,0.837627895835472,0.8616745283727397,0.7222222222222222,0.9972565157750344
K_Means_topic_128,similarity+interactions,All,0.9709254559553663,0.9009939509185614,0.9408316633664447,0.8414141414141415,0.9783216336279321,0.9709254559553663,0.9009939509185614,0.9408316633664447,0.8414141414141415,0.9783216336279321
K_Means_topic_128,similarity+interactions,All but Betweenness and Harmonic,0.9691163882091102,0.9026961233077548,0.939845184636838,0.8439393939393939,0.9790740152424872,0.9691163882091102,0.9026961233077548,0.939845184636838,0.8439393939393939,0.9790740152424872
K_Means_topic_128,similarity+interactions,Core Number Only,0.9199550842422228,0.8347399422258069,0.8575400850757765,0.7212121212121212,0.991021210748007,0.9199550842422228,0.8347399422258069,0.8575400850757765,0.7212121212121212,0.991021210748007
K_Means_topic_128,similarity+text_similarity,All,0.9908592908144254,0.9606824291670674,0.9802083529681781,0.9409090909090909,0.9813896342955756,0.9908592908144254,0.9606824291670674,0.9802083529681781,0.9409090909090909,0.9813896342955756
K_Means_topic_128,similarity+text_similarity,All but Betweenness and Harmonic,0.9908840146227984,0.9672174960374483,0.9816168694101566,0.9429292929292931,0.9932250581559311,0.9908840146227984,0.9672174960374483,0.9816168694101566,0.9429292929292931,0.9932250581559311
K_Means_topic_128,similarity+text_similarity,Core Number Only,0.9672620018731685,0.9460287429247999,0.9448354251006877,0.9035353535353535,0.9928736894594987,0.9672620018731685,0.9460287429247999,0.9448354251006877,0.9035353535353535,0.9928736894594987
K_Means_topic_128,similarity+text_similarity+interactions,All,0.9860941418169734,0.9580022490699366,0.9734614861361761,0.9323232323232323,0.9859510057077596,0.9860941418169734,0.9580022490699366,0.9734614861361761,0.9323232323232323,0.9859510057077596
K_Means_topic_128,similarity+text_similarity+interactions,All but Betweenness and Harmonic,0.9885956776136237,0.9668345963793716,0.9779447571738018,0.9419191919191919,0.9937694401244168,0.9885956776136237,0.9668345963793716,0.9779447571738018,0.9419191919191919,0.9937694401244168
K_Means_topic_128,similarity+text_similarity+interactions,Core Number Only,0.9662150920974449,0.946028764179971,0.9447101264695714,0.9035353535353535,0.9928728070175438,0.9662150920974449,0.946028764179971,0.9447101264695714,0.9035353535353535,0.9928728070175438
K_Means_topic_128,text_similarity,All,0.9825993735963826,0.94388814268973,0.9654906242153666,0.9217171717171717,0.9673823610547402,0.9825993735963826,0.94388814268973,0.9654906242153666,0.9217171717171717,0.9673823610547402
K_Means_topic_128,text_similarity,All but Betweenness and Harmonic,0.9885551930068383,0.9667379805170447,0.977430473948159,0.9393939393939394,0.9963394569305898,0.9885551930068383,0.9667379805170447,0.977430473948159,0.9393939393939394,0.9963394569305898
K_Means_topic_128,text_similarity,Core Number Only,0.9662215877619665,0.9435366923823724,0.9457496195501123,0.9035353535353535,0.9875029447033422,0.9662215877619665,0.9435366923823724,0.9457496195501123,0.9035353535353535,0.9875029447033422
K_Means_topic_128,text_similarity+interactions,All,0.9849294037080677,0.9509972170061213,0.9702049914188803,0.9272727272727274,0.9761698416707404,0.9849294037080677,0.9509972170061213,0.9702049914188803,0.9272727272727274,0.9761698416707404
K_Means_topic_128,text_similarity+interactions,All but Betweenness and Harmonic,0.9880285406407042,0.9659360478496367,0.9767234998103458,0.938888888888889,0.9953067510455519,0.9880285406407042,0.9659360478496367,0.9767234998103458,0.938888888888889,0.9953067510455519
K_Means_topic_128,text_similarity+interactions,Core Number Only,0.9645008409116085,0.9427375586486425,0.945570447783179,0.9025252525252525,0.9869511684514558,0.9645008409116085,0.9427375586486425,0.945570447783179,0.9025252525252525,0.9869511684514558
K_Means_topic_16,interactions,All,0.9349737069222411,0.8349549196306,0.9023653340658807,0.7571780147662018,0.9336449561700633,0.9349737069222411,0.8349549196306,0.9023653340658807,0.7571780147662018,0.9336449561700633
K_Means_topic_16,interactions,All but Betweenness and Harmonic,0.9335231220167103,0.8278937138132658,0.8966353218969663,0.7482453741682619,0.9301278398814438,0.9335231220167103,0.8278937138132658,0.8966353218969663,0.7482453741682619,0.9301278398814438
K_Means_topic_16,interactions,Core Number Only,0.8327705711842839,0.6331942344237794,0.7226978024486971,0.517181660741956,0.8190604521269401,0.8327705711842839,0.6331942344237794,0.7226978024486971,0.517181660741956,0.8190604521269401
K_Means_topic_16,similarity,All,0.9735191691842959,0.9283899799585179,0.9641556790910654,0.8939932549448546,0.9684918547321243,0.9735191691842959,0.9283899799585179,0.9641556790910654,0.8939932549448546,0.9684918547321243
K_Means_topic_16,similarity,All but Betweenness and Harmonic,0.9753828263737162,0.9183695618909883,0.963176225851874,0.8846048673776319,0.9578759141697644,0.9753828263737162,0.9183695618909883,0.963176225851874,0.8846048673776319,0.9578759141697644
K_Means_topic_16,similarity,Core Number Only,0.9392680275802766,0.8373089003463953,0.9084342450491928,0.7643788168808677,0.9320481188760651,0.9392680275802766,0.8373089003463953,0.9084342450491928,0.7643788168808677,0.9320481188760651
K_Means_topic_16,similarity+interactions,All,0.9820858680881996,0.9290196134891575,0.9710762367057137,0.8994622185762465,0.9625510445600899,0.9820858680881996,0.9290196134891575,0.9710762367057137,0.8994622185762465,0.9625510445600899
K_Means_topic_16,similarity+interactions,All but Betweenness and Harmonic,0.9824047051239315,0.9272339589982524,0.9704669557299082,0.8992799197885334,0.9589123597987587,0.9824047051239315,0.9272339589982524,0.9704669557299082,0.8992799197885334,0.9589123597987587
K_Means_topic_16,similarity+interactions,Core Number Only,0.9394588578475286,0.8371607553873877,0.9095092081831763,0.7631938747607329,0.9331571113096176,0.9394588578475286,0.8371607553873877,0.9095092081831763,0.7631938747607329,0.9331571113096176
K_Means_topic_16,similarity+text_similarity,All,0.9851469966577259,0.9419504802399433,0.9764464839408215,0.9199708321939659,0.966035149266521,0.9851469966577259,0.9419504802399433,0.9764464839408215,0.9199708321939659,0.966035149266521
K_Means_topic_16,similarity+text_similarity,All but Betweenness and Harmonic,0.9810858135887278,0.9288336343662412,0.9656562402597366,0.9093063531127518,0.9499846520878824,0.9810858135887278,0.9288336343662412,0.9656562402597366,0.9093063531127518,0.9499846520878824
K_Means_topic_16,similarity+text_similarity,Core Number Only,0.9524545269763524,0.8028129531514657,0.8627953775075002,0.7950050132166622,0.8124736786510001,0.9524545269763524,0.8028129531514657,0.8627953775075002,0.7950050132166622,0.8124736786510001
K_Means_topic_16,similarity+text_similarity+interactions,All,0.9858122229997366,0.938677350805594,0.9749105739766403,0.9244371524929359,0.9535661010043999,0.9858122229997366,0.938677350805594,0.9749105739766403,0.9244371524929359,0.9535661010043999
K_Means_topic_16,similarity+text_similarity+interactions,All but Betweenness and Harmonic,0.9822239708729928,0.9266286080452678,0.9589047926478863,0.9167806034089873,0.9366998183923289,0.9822239708729928,0.9266286080452678,0.9589047926478863,0.9167806034089873,0.9366998183923289
K_Means_topic_16,similarity+text_similarity+interactions,Core Number Only,0.9529234039531523,0.8039499251344019,0.8631829288213164,0.7970102998815057,0.8127790241936442,0.9529234039531523,0.8039499251344019,0.8631829288213164,0.7970102998815057,0.8127790241936442
K_Means_topic_16,text_similarity,All,0.9802203524711189,0.9260814735030524,0.966829569728653,0.9097621000820345,0.9434026970188049,0.9802203524711189,0.9260814735030524,0.966829569728653,0.9097621000820345,0.9434026970188049
K_Means_topic_16,text_similarity,All but Betweenness and Harmonic,0.9808511633260134,0.9214604911289959,0.9583346161897947,0.9075745146294777,0.9359266220394401,0.9808511633260134,0.9214604911289959,0.9583346161897947,0.9075745146294777,0.9359266220394401
K_Means_topic_16,text_similarity,Core Number Only,0.9522757721669687,0.8022980540406323,0.8606063674161222,0.7968280010937927,0.8096966143005048,0.9522757721669687,0.8022980540406323,0.8606063674161222,0.7968280010937927,0.8096966143005048
K_Means_topic_16,text_similarity+interactions,All,0.9810919204684586,0.9244057839039845,0.9658912516286419,0.9091240543250388,0.9405356971572033,0.9810919204684586,0.9244057839039845,0.9658912516286419,0.9091240543250388,0.9405356971572033
K_Means_topic_16,text_similarity+interactions,All but Betweenness and Harmonic,0.9803929571815241,0.9229158777799223,0.9557064638744897,0.9121319843223041,0.9339743561645791,0.9803929571815241,0.9229158777799223,0.9557064638744897,0.9121319843223041,0.9339743561645791
K_Means_topic_16,text_similarity+interactions,Core Number Only,0.9520020387383626,0.8031215619618751,0.8608646200314144,0.7975571962446449,0.8106307679242954,0.9520020387383626,0.8031215619618751,0.8608646200314144,0.7975571962446449,0.8106307679242954
K_Means_topic_60,interactions,All,0.9663036732925273,0.7359299975834145,0.8941424401256031,0.6612111292962356,0.9656608812430286,0.9663036732925273,0.7359299975834145,0.8941424401256031,0.6612111292962356,0.9656608812430286
K_Means_topic_60,interactions,All but Betweenness and Harmonic,0.9617477257630965,0.7520179510726132,0.8804017003342121,0.6737588652482268,0.9570928480272358,0.9617477257630965,0.7520179510726132,0.8804017003342121,0.6737588652482268,0.9570928480272358
K_Means_topic_60,interactions,Core Number Only,0.6742969732544309,0.0,0.08904165189539259,0.0,0.0,0.6742969732544309,0.0,0.08904165189539259,0.0,0.0
K_Means_topic_60,similarity,All,0.9651537557414004,0.7855790377796366,0.853937463146241,0.7255864702673214,0.9433157751264405,0.9651537557414004,0.7855790377796366,0.853937463146241,0.7255864702673214,0.9433157751264405
K_Means_topic_60,similarity,All but Betweenness and Harmonic,0.9696577790952429,0.7975625799073282,0.8532668184232052,0.7419530823786143,0.9199816508365407,0.9696577790952429,0.7975625799073282,0.8532668184232052,0.7419530823786143,0.9199816508365407
K_Means_topic_60,similarity,Core Number Only,0.8549037555314642,0.3899349376168977,0.5097980288815633,0.287506819421713,0.6058148201005343,0.8549037555314642,0.3899349376168977,0.5097980288815633,0.287506819421713,0.6058148201005343
K_Means_topic_60,similarity+interactions,All,0.9651448544541564,0.7987944307352314,0.8492065367352025,0.7381342062193127,0.9339105046487693,0.9651448544541564,0.7987944307352314,0.8492065367352025,0.7381342062193127,0.9339105046487693
K_Means_topic_60,similarity+interactions,All but Betweenness and Harmonic,0.9650625595343563,0.782081241523743,0.8472608874697034,0.7217675941080196,0.9345082296506376,0.9650625595343563,0.782081241523743,0.8472608874697034,0.7217675941080196,0.9345082296506376
K_Means_topic_60,similarity+interactions,Core Number Only,0.8525563069398969,0.39415476389695536,0.5083168316152459,0.29078014184397166,0.6116048856023258,0.8525563069398969,0.39415476389695536,0.5083168316152459,0.29078014184397166,0.6116048856023258
K_Means_topic_60,similarity+text_similarity,All,0.969385757996393,0.8829514055459962,0.9027152820965987,0.8357883251500273,0.9409251103825232,0.969385757996393,0.8829514055459962,0.9027152820965987,0.8357883251500273,0.9409251103825232
K_Means_topic_60,similarity+text_similarity,All but Betweenness and Harmonic,0.9631032126649082,0.8461933854606097,0.8823964046746203,0.7801418439716312,0.9500128910467366,0.9631032126649082,0.8461933854606097,0.8823964046746203,0.7801418439716312,0.9500128910467366
K_Means_topic_60,similarity+text_similarity,Core Number Only,0.8428680115448017,0.2298335208281064,0.35347075201612044,0.14784506273867973,0.5159787530477186,0.8428680115448017,0.2298335208281064,0.35347075201612044,0.14784506273867973,0.5159787530477186
K_Means_topic_60,similarity+text_similarity+interactions,All,0.9556070971810632,0.892113628328086,0.9031484296136302,0.828696126568467,0.976994571682349,0.9556070971810632,0.892113628328086,0.9031484296136302,0.828696126568467,0.976994571682349
K_Means_topic_60,similarity+text_similarity+interactions,All but Betweenness and Harmonic,0.955804632980053,0.8468912010783551,0.8763852378572571,0.7768685215493726,0.9588297275115503,0.955804632980053,0.8468912010783551,0.8763852378572571,0.7768685215493726,0.9588297275115503
K_Means_topic_60,similarity+text_similarity+interactions,Core Number Only,0.844434218227653,0.23514439972675572,0.35286740249735266,0.15493726132024002,0.4876108468209885,0.844434218227653,0.23514439972675572,0.35286740249735266,0.15493726132024002,0.4876108468209885
K_Means_topic_60,text_similarity,All,0.9617152556586855,0.8919633594353703,0.9093756899500761,0.8319694489907256,0.9737880565904028,0.9617152556586855,0.8919633594353703,0.9093756899500761,0.8319694489907256,0.9737880565904028
K_Means_topic_60,text_similarity,All but Betweenness and Harmonic,0.9550311447083387,0.8435803690332765,0.876459256723165,0.7719585379159847,0.9657418035814804,0.9550311447083387,0.8435803690332765,0.876459256723165,0.7719585379159847,0.9657418035814804
K_Means_topic_60,text_similarity,Core Number Only,0.8414115874046226,0.26036682615629986,0.3322028914171829,0.18712493180578282,0.43408391780484806,0.8414115874046226,0.26036682615629986,0.3322028914171829,0.18712493180578282,0.43408391780484806
K_Means_topic_60,text_similarity+interactions,All,0.9624683661407349,0.8948861710432877,0.9121335248063831,0.8292416803055102,0.9861060343342437,0.9624683661407349,0.8948861710432877,0.9121335248063831,0.8292416803055102,0.9861060343342437
K_Means_topic_60,text_similarity+interactions,All but Betweenness and Harmonic,0.9529821411626592,0.8403433163212674,0.872472107883261,0.7654118930714674,0.9722949363040536,0.9529821411626592,0.8403433163212674,0.872472107883261,0.7654118930714674,0.9722949363040536
K_Means_topic_60,text_similarity+interactions,Core Number Only,0.8434959161845835,0.2587297570850202,0.3320811946643561,0.18548827059465356,0.4346497096155099,0.8434959161845835,0.2587297570850202,0.3320811946643561,0.18548827059465356,0.4346497096155099
