post_time,shared_hashtag_count,shared_author_hashtag_uses,coordination_score
2017-02-25 22:15:00,12,50,80
2017-02-27 23:15:00,5,15,25
2017-02-25 19:45:00,5,17,21
2017-02-25 19:30:00,12,24,12
2017-02-26 09:15:00,6,13,8
2017-02-26 19:45:00,6,13,8
2017-02-28 22:00:00,7,14,7
2017-02-26 20:00:00,6,12,6
2017-02-28 21:45:00,6,12,6
2017-02-26 23:30:00,5,10,5
2017-02-28 17:15:00,3,7,5
2017-02-28 22:15:00,4,8,4
2017-02-27 23:45:00,2,5,4
2017-02-05 07:00:00,3,6,3
2017-02-25 20:00:00,3,6,3
2017-02-26 20:15:00,3,6,3
2017-02-28 07:45:00,3,6,3
2017-02-28 09:30:00,3,6,3
2017-02-28 14:30:00,3,6,3
2017-02-27 17:45:00,1,3,3
2017-02-27 21:45:00,1,3,3
2017-02-25 21:45:00,2,4,2
2017-02-25 23:45:00,2,4,2
2017-02-27 19:45:00,2,4,2
2017-02-28 11:15:00,2,4,2
2017-02-28 23:45:00,2,4,2
2017-02-20 23:30:00,1,2,1
2017-02-24 16:45:00,1,2,1
2017-02-25 09:45:00,1,2,1
2017-02-26 08:00:00,1,2,1
2017-02-26 15:45:00,1,2,1
2017-02-26 17:30:00,1,2,1
2017-02-26 19:00:00,1,2,1
2017-02-26 21:00:00,1,2,1
2017-02-26 23:45:00,1,2,1
2017-02-27 02:45:00,1,2,1
2017-02-27 03:45:00,1,2,1
2017-02-27 15:45:00,1,2,1
2017-02-27 16:45:00,1,2,1
2017-02-27 18:45:00,1,2,1
2017-02-27 20:45:00,1,2,1
2017-02-27 22:45:00,1,2,1
2017-02-28 06:30:00,1,2,1
2017-02-28 23:30:00,1,2,1
2017-03-02 08:45:00,1,2,1
2017-03-02 19:00:00,1,2,1
2017-05-28 20:00:00,1,2,1
