message_number,024a2c12d4c70f0b59ae8f829d1ce1afbe11a23772,09e3b557a388816096d4afd0349c2a9ea4aeab06fc,0b9d85a70a0b1e2b59bac9ab4ac5adef84ad6b945b,0e2d02190f9887dc259dd3143212ce318927ada98c,173ec2b98cd676f526fea1182d2980b9be5d18b15b,2a7b4dc140c79c754ccff68d06d0f9a7ab0d76d50c,386d421b4707c14279040d322acc441e145b32f83e,415db62b542b1d2e5f25d78e8f0350c313f9f55712,4d13ea00cb5e0abbef3218e1bfa0085b8cc25841df,4d23404a05dc1676f694a3c2ef822ae0cb9a16ba4c,5117ae9eff9be5ee13346c4e3825c828cf3e1905b0,74d297cb35d0c3cbf5a173f831d1148d9d8a9e111c,b513699ff279c404db1b8b451d3c704b9a163d5e1f,bdfb29b013366fd4d811bde06467fb484181b7710b,c1ab6ea78bdb914d3e62d73188c01aeb8798e98240
1,1,1,1,1,1,0,1,0,1,1,1,1,1,1,0
2,1,1,1,1,1,0,1,1,1,1,1,1,1,1,0
3,1,1,1,1,1,0,1,1,1,1,1,1,1,1,0
4,1,1,1,1,1,0,1,1,1,1,1,1,1,1,0
5,1,1,1,1,1,0,1,1,1,1,1,1,1,1,0
6,1,1,1,1,1,0,1,1,1,1,1,1,1,1,0
7,1,1,1,1,1,0,1,1,1,1,1,1,1,1,0
8,1,1,1,1,1,0,1,1,1,1,1,1,1,1,0
9,1,1,1,1,1,0,1,1,1,1,1,1,1,1,0
10,1,1,1,1,1,0,1,1,1,1,1,1,1,1,0
11,1,1,1,1,1,0,1,1,1,1,1,1,1,1,0
12,1,1,1,1,1,0,1,1,1,1,1,1,1,1,0
13,1,1,1,1,1,0,1,1,1,1,1,1,1,1,0
14,1,1,1,1,1,0,1,1,1,1,1,1,1,1,0
15,1,1,1,1,1,0,1,1,1,1,1,1,1,1,0
16,1,1,1,1,1,0,1,1,1,1,1,1,1,1,0
17,1,1,1,1,1,0,1,0,1,1,1,1,1,1,0
18,1,1,1,1,1,0,1,0,0,1,1,1,1,1,0
19,1,1,1,1,1,0,1,0,1,1,1,1,1,1,0
