topic_col,account_relations_configuration,indicators_configuration,model,top_percentage,indicators_runtime_seconds,n_graph_authors,n_all_authors,graph_authors_auc,graph_authors_f1,graph_authors_auc_pr,graph_authors_recall,graph_authors_precision,all_authors_auc,all_authors_f1,all_authors_auc_pr,all_authors_recall,all_authors_precision
BERTopic_topic_10,interactions,All,logistic_regression,100.0,75.3785013872839,23040.833333333332,23040.833333333332,0.848825925211459,0.5945620757378585,0.6540302913631294,0.4781520956400342,0.8561790919415397,0.848825925211459,0.5945620757378585,0.6540302913631294,0.4781520956400342,0.8561790919415397
BERTopic_topic_10,interactions,All,random_forest,100.0,75.3785013872839,23040.833333333332,23040.833333333332,0.9523142408242036,0.828933689438323,0.8769998646841035,0.7316043056572848,0.9646570921952513,0.9523142408242036,0.828933689438323,0.8769998646841035,0.7316043056572848,0.9646570921952513
BERTopic_topic_10,interactions,All,xgboost,100.0,75.3785013872839,23040.833333333332,23040.833333333332,0.9571961390646887,0.8493281489218741,0.8769451583444764,0.7758208473476186,0.941269894900716,0.9571961390646887,0.8493281489218741,0.8769451583444764,0.7758208473476186,0.941269894900716
BERTopic_topic_10,interactions,All but Betweenness and Harmonic,logistic_regression,100.0,75.3785013872839,23040.833333333332,23040.833333333332,0.8468344182357486,0.5953236843872,0.6517217338592709,0.47860274486088894,0.8499541948241279,0.8468344182357486,0.5953236843872,0.6517217338592709,0.47860274486088894,0.8499541948241279
BERTopic_topic_10,interactions,All but Betweenness and Harmonic,random_forest,100.0,75.3785013872839,23040.833333333332,23040.833333333332,0.9503651227044031,0.8346311999069776,0.8760894486794983,0.7406200385564957,0.9630205802185978,0.9503651227044031,0.8346311999069776,0.8760894486794983,0.7406200385564957,0.9630205802185978
BERTopic_topic_10,interactions,All but Betweenness and Harmonic,xgboost,100.0,75.3785013872839,23040.833333333332,23040.833333333332,0.9555551656606968,0.8486256318248837,0.8763471108114413,0.7741405488984873,0.9417393476356145,0.9555551656606968,0.8486256318248837,0.8763471108114413,0.7741405488984873,0.9417393476356145
BERTopic_topic_10,interactions,Core Number Only,logistic_regression,100.0,75.3785013872839,23040.833333333332,23040.833333333332,0.7827945233011541,0.3777335274579629,0.4329467930849127,0.2945857470079839,0.545503989674506,0.7827945233011541,0.3777335274579629,0.4329467930849127,0.2945857470079839,0.545503989674506
BERTopic_topic_10,interactions,Core Number Only,random_forest,100.0,75.3785013872839,23040.833333333332,23040.833333333332,0.7708344763501095,0.39934233484437315,0.42671345339320493,0.3119942336409652,0.6539351691491012,0.7708344763501095,0.39934233484437315,0.42671345339320493,0.3119942336409652,0.6539351691491012
BERTopic_topic_10,interactions,Core Number Only,xgboost,100.0,75.3785013872839,23040.833333333332,23040.833333333332,0.7764375330536785,0.40133174821576173,0.42973846594503096,0.31402787990847,0.6558153056799672,0.7764375330536785,0.40133174821576173,0.42973846594503096,0.31402787990847,0.6558153056799672
BERTopic_topic_10,similarity,All,logistic_regression,100.0,2142.22544776982,23040.833333333332,23040.833333333332,0.9289550068812836,0.6707295842528916,0.7354365304653846,0.576230943062714,0.9127253773394232,0.9289550068812836,0.6707295842528916,0.7354365304653846,0.576230943062714,0.9127253773394232
BERTopic_topic_10,similarity,All,random_forest,100.0,2142.22544776982,23040.833333333332,23040.833333333332,0.9918377899298019,0.9329579103793427,0.968449252905689,0.892991817317223,0.9793852676344846,0.9918377899298019,0.9329579103793427,0.968449252905689,0.892991817317223,0.9793852676344846
BERTopic_topic_10,similarity,All,xgboost,100.0,2142.22544776982,23040.833333333332,23040.833333333332,0.9942018342476927,0.9387407694997747,0.9710226954410786,0.9117384946653,0.9680973183086344,0.9942018342476927,0.9387407694997747,0.9710226954410786,0.9117384946653,0.9680973183086344
BERTopic_topic_10,similarity,All but Betweenness and Harmonic,logistic_regression,100.0,2142.22544776982,23040.833333333332,23040.833333333332,0.9206667234365274,0.6743126035230547,0.72565283530139,0.5779617720560235,0.9149685833017137,0.9206667234365274,0.6743126035230547,0.72565283530139,0.5779617720560235,0.9149685833017137
BERTopic_topic_10,similarity,All but Betweenness and Harmonic,random_forest,100.0,2142.22544776982,23040.833333333332,23040.833333333332,0.9904825403101053,0.932243318170824,0.9677060113927483,0.8935117433052211,0.9769575827030298,0.9904825403101053,0.932243318170824,0.9677060113927483,0.8935117433052211,0.9769575827030298
BERTopic_topic_10,similarity,All but Betweenness and Harmonic,xgboost,100.0,2142.22544776982,23040.833333333332,23040.833333333332,0.9939822658416299,0.9402395417087548,0.9703396901217336,0.9130148911277779,0.9699610199135695,0.9939822658416299,0.9402395417087548,0.9703396901217336,0.9130148911277779,0.9699610199135695
BERTopic_topic_10,similarity,Core Number Only,logistic_regression,100.0,2142.22544776982,23040.833333333332,23040.833333333332,0.8190695223385015,0.5010895180546618,0.5597155470178345,0.423338257616852,0.6553194280467007,0.8190695223385015,0.5010895180546618,0.5597155470178345,0.423338257616852,0.6553194280467007
BERTopic_topic_10,similarity,Core Number Only,random_forest,100.0,2142.22544776982,23040.833333333332,23040.833333333332,0.9300239239203658,0.7717405677688939,0.7957329041130755,0.6746914974036974,0.9413289345152543,0.9300239239203658,0.7717405677688939,0.7957329041130755,0.6746914974036974,0.9413289345152543
BERTopic_topic_10,similarity,Core Number Only,xgboost,100.0,2142.22544776982,23040.833333333332,23040.833333333332,0.9300341347146182,0.7478630027167871,0.7712386522016605,0.6450459742903825,0.9217779864106954,0.9300341347146182,0.7478630027167871,0.7712386522016605,0.6450459742903825,0.9217779864106954
BERTopic_topic_10,similarity+interactions,All,logistic_regression,100.0,2013.3062024000876,23040.833333333332,23040.833333333332,0.924256378104343,0.665544121677721,0.7274271203637058,0.5736813535583144,0.8847970490077767,0.924256378104343,0.665544121677721,0.7274271203637058,0.5736813535583144,0.8847970490077767
BERTopic_topic_10,similarity+interactions,All,random_forest,100.0,2013.3062024000876,23040.833333333332,23040.833333333332,0.9922389329188857,0.9288704079590588,0.9688103008913292,0.8891636955890104,0.9747771890885862,0.9922389329188857,0.9288704079590588,0.9688103008913292,0.8891636955890104,0.9747771890885862
BERTopic_topic_10,similarity+interactions,All,xgboost,100.0,2013.3062024000876,23040.833333333332,23040.833333333332,0.9934267833022005,0.9373945418135987,0.9680836739187804,0.9119160990790709,0.9650939969869157,0.9934267833022005,0.9373945418135987,0.9680836739187804,0.9119160990790709,0.9650939969869157
BERTopic_topic_10,similarity+interactions,All but Betweenness and Harmonic,logistic_regression,100.0,2013.3062024000876,23040.833333333332,23040.833333333332,0.9208718172037984,0.676732929084629,0.7323861554307189,0.5859409899128504,0.8966376403044091,0.9208718172037984,0.676732929084629,0.7323861554307189,0.5859409899128504,0.8966376403044091
BERTopic_topic_10,similarity+interactions,All but Betweenness and Harmonic,random_forest,100.0,2013.3062024000876,23040.833333333332,23040.833333333332,0.991704348740411,0.9297761026183632,0.9673059513299375,0.891250938750126,0.9742159219566316,0.991704348740411,0.9297761026183632,0.9673059513299375,0.891250938750126,0.9742159219566316
BERTopic_topic_10,similarity+interactions,All but Betweenness and Harmonic,xgboost,100.0,2013.3062024000876,23040.833333333332,23040.833333333332,0.9931641969952364,0.9371936889408835,0.9659264812404705,0.9112758709976957,0.9653979199787326,0.9931641969952364,0.9371936889408835,0.9659264812404705,0.9112758709976957,0.9653979199787326
BERTopic_topic_10,similarity+interactions,Core Number Only,logistic_regression,100.0,2013.3062024000876,23040.833333333332,23040.833333333332,0.8188585021104989,0.4916709563431447,0.5551280944694666,0.4190819184223888,0.6383855270868034,0.8188585021104989,0.4916709563431447,0.5551280944694666,0.4190819184223888,0.6383855270868034
BERTopic_topic_10,similarity+interactions,Core Number Only,random_forest,100.0,2013.3062024000876,23040.833333333332,23040.833333333332,0.9254606783032712,0.7578390713713067,0.7865526544374184,0.6591395452631083,0.9356640212987903,0.9254606783032712,0.7578390713713067,0.7865526544374184,0.6591395452631083,0.9356640212987903
BERTopic_topic_10,similarity+interactions,Core Number Only,xgboost,100.0,2013.3062024000876,23040.833333333332,23040.833333333332,0.9272027244412118,0.7301594265390564,0.759836783985545,0.6269136313709996,0.9072161739188914,0.9272027244412118,0.7301594265390564,0.759836783985545,0.6269136313709996,0.9072161739188914
BERTopic_topic_10,similarity+text_similarity,All,logistic_regression,100.0,5292.157864259246,23040.833333333332,23040.833333333332,0.9413875842602804,0.7935187338828995,0.8449754822582598,0.7140759081739106,0.9227775276033103,0.9413875842602804,0.7935187338828995,0.8449754822582598,0.7140759081739106,0.9227775276033103
BERTopic_topic_10,similarity+text_similarity,All,random_forest,100.0,5292.157864259246,23040.833333333332,23040.833333333332,0.9928021777016384,0.9589234300676575,0.9757353388445692,0.9311116219620946,0.9894796860586988,0.9928021777016384,0.9589234300676575,0.9757353388445692,0.9311116219620946,0.9894796860586988
BERTopic_topic_10,similarity+text_similarity,All,xgboost,100.0,5292.157864259246,23040.833333333332,23040.833333333332,0.9963424628167837,0.9595450387134048,0.9773241154809483,0.9383139991765767,0.9821571188565453,0.9963424628167837,0.9595450387134048,0.9773241154809483,0.9383139991765767,0.9821571188565453
BERTopic_topic_10,similarity+text_similarity,All but Betweenness and Harmonic,logistic_regression,100.0,5292.157864259246,23040.833333333332,23040.833333333332,0.9560426950965141,0.8275448791809099,0.8670964976533763,0.7457746103850048,0.940240767530138,0.9560426950965141,0.8275448791809099,0.8670964976533763,0.7457746103850048,0.940240767530138
BERTopic_topic_10,similarity+text_similarity,All but Betweenness and Harmonic,random_forest,100.0,5292.157864259246,23040.833333333332,23040.833333333332,0.9926323618937952,0.9568619255797074,0.9754200504391307,0.9282642898383545,0.9883988960090117,0.9926323618937952,0.9568619255797074,0.9754200504391307,0.9282642898383545,0.9883988960090117
BERTopic_topic_10,similarity+text_similarity,All but Betweenness and Harmonic,xgboost,100.0,5292.157864259246,23040.833333333332,23040.833333333332,0.9956628421306495,0.9575070398525573,0.975724616445203,0.9369647199909142,0.9792730433985438,0.9956628421306495,0.9575070398525573,0.975724616445203,0.9369647199909142,0.9792730433985438
BERTopic_topic_10,similarity+text_similarity,Core Number Only,logistic_regression,100.0,5292.157864259246,23040.833333333332,23040.833333333332,0.8839886620032605,0.5761786293235557,0.629187698361012,0.5327171083672347,0.632433489827856,0.8839886620032605,0.5761786293235557,0.629187698361012,0.5327171083672347,0.632433489827856
BERTopic_topic_10,similarity+text_similarity,Core Number Only,random_forest,100.0,5292.157864259246,23040.833333333332,23040.833333333332,0.9149020445400623,0.6831111970045253,0.7145273969623753,0.6167405674102445,0.8577925650790869,0.9149020445400623,0.6831111970045253,0.7145273969623753,0.6167405674102445,0.8577925650790869
BERTopic_topic_10,similarity+text_similarity,Core Number Only,xgboost,100.0,5292.157864259246,23040.833333333332,23040.833333333332,0.9255169317103756,0.6466720761679361,0.705417963768909,0.5801196587178206,0.7776530724398366,0.9255169317103756,0.6466720761679361,0.705417963768909,0.5801196587178206,0.7776530724398366
BERTopic_topic_10,similarity+text_similarity+interactions,All,logistic_regression,100.0,5256.522961048642,23040.833333333332,23040.833333333332,0.9326418048733153,0.7469955056057844,0.8088883122362067,0.6749774912672654,0.8756244030102716,0.9326418048733153,0.7469955056057844,0.8088883122362067,0.6749774912672654,0.8756244030102716
BERTopic_topic_10,similarity+text_similarity+interactions,All,random_forest,100.0,5256.522961048642,23040.833333333332,23040.833333333332,0.9927917449281791,0.9562445555912155,0.9749995340602814,0.927364201026427,0.9884828157047507,0.9927917449281791,0.9562445555912155,0.9749995340602814,0.927364201026427,0.9884828157047507
BERTopic_topic_10,similarity+text_similarity+interactions,All,xgboost,100.0,5256.522961048642,23040.833333333332,23040.833333333332,0.9953155121763654,0.955610509913539,0.9757277792717809,0.9340456910555189,0.9786293899209197,0.9953155121763654,0.955610509913539,0.9757277792717809,0.9340456910555189,0.9786293899209197
BERTopic_topic_10,similarity+text_similarity+interactions,All but Betweenness and Harmonic,logistic_regression,100.0,5256.522961048642,23040.833333333332,23040.833333333332,0.9567289416532275,0.8008352354334333,0.8507528565659853,0.7199878165980024,0.917888300341123,0.9567289416532275,0.8008352354334333,0.8507528565659853,0.7199878165980024,0.917888300341123
BERTopic_topic_10,similarity+text_similarity+interactions,All but Betweenness and Harmonic,random_forest,100.0,5256.522961048642,23040.833333333332,23040.833333333332,0.9921153087704018,0.9541485627430951,0.9734882090338876,0.9252055803465052,0.9863296108466705,0.9921153087704018,0.9541485627430951,0.9734882090338876,0.9252055803465052,0.9863296108466705
BERTopic_topic_10,similarity+text_similarity+interactions,All but Betweenness and Harmonic,xgboost,100.0,5256.522961048642,23040.833333333332,23040.833333333332,0.994543922957677,0.9560066364159802,0.9740093513868019,0.9341540997828176,0.9793393760986145,0.994543922957677,0.9560066364159802,0.9740093513868019,0.9341540997828176,0.9793393760986145
BERTopic_topic_10,similarity+text_similarity+interactions,Core Number Only,logistic_regression,100.0,5256.522961048642,23040.833333333332,23040.833333333332,0.8836487471413035,0.5644112313362474,0.6248725980826516,0.5235008939492612,0.617641438593827,0.8836487471413035,0.5644112313362474,0.6248725980826516,0.5235008939492612,0.617641438593827
BERTopic_topic_10,similarity+text_similarity+interactions,Core Number Only,random_forest,100.0,5256.522961048642,23040.833333333332,23040.833333333332,0.914422843911093,0.6662525314786424,0.7103970603176442,0.6003596667164264,0.8319788214723888,0.914422843911093,0.6662525314786424,0.7103970603176442,0.6003596667164264,0.8319788214723888
BERTopic_topic_10,similarity+text_similarity+interactions,Core Number Only,xgboost,100.0,5256.522961048642,23040.833333333332,23040.833333333332,0.9273610403646083,0.6304727803856586,0.7067957660600954,0.5633418624925483,0.7698390939904239,0.9273610403646083,0.6304727803856586,0.7067957660600954,0.5633418624925483,0.7698390939904239
BERTopic_topic_10,text_similarity,All,logistic_regression,100.0,4045.4996480728346,23040.833333333332,23040.833333333332,0.9163058978282718,0.7978056753063284,0.8251233606154477,0.7204460155408312,0.9112730614197259,0.9163058978282718,0.7978056753063284,0.8251233606154477,0.7204460155408312,0.9112730614197259
BERTopic_topic_10,text_similarity,All,random_forest,100.0,4045.4996480728346,23040.833333333332,23040.833333333332,0.99093096990035,0.9559059936843927,0.9725960080854196,0.92508837120916,0.9903702314499041,0.99093096990035,0.9559059936843927,0.9725960080854196,0.92508837120916,0.9903702314499041
BERTopic_topic_10,text_similarity,All,xgboost,100.0,4045.4996480728346,23040.833333333332,23040.833333333332,0.9950123006203789,0.957443486407985,0.9762561083154582,0.935306218421499,0.9811303018616564,0.9950123006203789,0.957443486407985,0.9762561083154582,0.935306218421499,0.9811303018616564
BERTopic_topic_10,text_similarity,All but Betweenness and Harmonic,logistic_regression,100.0,4045.4996480728346,23040.833333333332,23040.833333333332,0.9453691648054847,0.7952261757012655,0.8386611851221669,0.7099234878920506,0.9382543386138583,0.9453691648054847,0.7952261757012655,0.8386611851221669,0.7099234878920506,0.9382543386138583
BERTopic_topic_10,text_similarity,All but Betweenness and Harmonic,random_forest,100.0,4045.4996480728346,23040.833333333332,23040.833333333332,0.989856513162153,0.9556511197692673,0.9713871001390033,0.9249279429914754,0.9898887618281074,0.989856513162153,0.9556511197692673,0.9713871001390033,0.9249279429914754,0.9898887618281074
BERTopic_topic_10,text_similarity,All but Betweenness and Harmonic,xgboost,100.0,4045.4996480728346,23040.833333333332,23040.833333333332,0.9945876508627735,0.9571516817728515,0.9745364889903171,0.9350014703639421,0.9808403079282019,0.9945876508627735,0.9571516817728515,0.9745364889903171,0.9350014703639421,0.9808403079282019
BERTopic_topic_10,text_similarity,Core Number Only,logistic_regression,100.0,4045.4996480728346,23040.833333333332,23040.833333333332,0.8892803095586849,0.5748334402615035,0.6299115864907457,0.5304241749727557,0.6321855993721798,0.8892803095586849,0.5748334402615035,0.6299115864907457,0.5304241749727557,0.6321855993721798
BERTopic_topic_10,text_similarity,Core Number Only,random_forest,100.0,4045.4996480728346,23040.833333333332,23040.833333333332,0.9089210240557751,0.6812055373455707,0.7052364411809622,0.6195143564985085,0.835713208030989,0.9089210240557751,0.6812055373455707,0.7052364411809622,0.6195143564985085,0.835713208030989
BERTopic_topic_10,text_similarity,Core Number Only,xgboost,100.0,4045.4996480728346,23040.833333333332,23040.833333333332,0.9225789501690628,0.6436921053464087,0.6981208464287484,0.5777521974708585,0.7697555837268565,0.9225789501690628,0.6436921053464087,0.6981208464287484,0.5777521974708585,0.7697555837268565
BERTopic_topic_10,text_similarity+interactions,All,logistic_regression,100.0,3762.7681661579604,23040.833333333332,23040.833333333332,0.9295846575730141,0.7846213568053595,0.8252926830949129,0.7116279854379387,0.900185995283494,0.9295846575730141,0.7846213568053595,0.8252926830949129,0.7116279854379387,0.900185995283494
BERTopic_topic_10,text_similarity+interactions,All,random_forest,100.0,3762.7681661579604,23040.833333333332,23040.833333333332,0.99036785799849,0.9539248849635378,0.9719395333372874,0.9229736264840859,0.988570843502334,0.99036785799849,0.9539248849635378,0.9719395333372874,0.9229736264840859,0.988570843502334
BERTopic_topic_10,text_similarity+interactions,All,xgboost,100.0,3762.7681661579604,23040.833333333332,23040.833333333332,0.9947180291892378,0.9565931637743611,0.9743639882672807,0.9348188006888374,0.9799098024237632,0.9947180291892378,0.9565931637743611,0.9743639882672807,0.9348188006888374,0.9799098024237632
BERTopic_topic_10,text_similarity+interactions,All but Betweenness and Harmonic,logistic_regression,100.0,3762.7681661579604,23040.833333333332,23040.833333333332,0.9482034136283694,0.7822653799634964,0.8356497337031681,0.6998035355692097,0.9339310951737417,0.9482034136283694,0.7822653799634964,0.8356497337031681,0.6998035355692097,0.9339310951737417
BERTopic_topic_10,text_similarity+interactions,All but Betweenness and Harmonic,random_forest,100.0,3762.7681661579604,23040.833333333332,23040.833333333332,0.9904083695442439,0.9520763487611258,0.9712032435070251,0.9238340340784955,0.9833252825446402,0.9904083695442439,0.9520763487611258,0.9712032435070251,0.9238340340784955,0.9833252825446402
BERTopic_topic_10,text_similarity+interactions,All but Betweenness and Harmonic,xgboost,100.0,3762.7681661579604,23040.833333333332,23040.833333333332,0.9944022625088348,0.9534857567624622,0.9724108919862379,0.9321630112668902,0.97628715350485,0.9944022625088348,0.9534857567624622,0.9724108919862379,0.9321630112668902,0.97628715350485
BERTopic_topic_10,text_similarity+interactions,Core Number Only,logistic_regression,100.0,3762.7681661579604,23040.833333333332,23040.833333333332,0.8888797741764495,0.5626311054173306,0.6240811374913445,0.5214778529051614,0.6160502178622375,0.8888797741764495,0.5626311054173306,0.6240811374913445,0.5214778529051614,0.6160502178622375
BERTopic_topic_10,text_similarity+interactions,Core Number Only,random_forest,100.0,3762.7681661579604,23040.833333333332,23040.833333333332,0.9084492134428838,0.6574464387620773,0.6949698287859012,0.5978643863218093,0.8013958215296743,0.9084492134428838,0.6574464387620773,0.6949698287859012,0.5978643863218093,0.8013958215296743
BERTopic_topic_10,text_similarity+interactions,Core Number Only,xgboost,100.0,3762.7681661579604,23040.833333333332,23040.833333333332,0.9238925991601965,0.6255812793096932,0.6933877612208018,0.5611267752743647,0.7488826758748716,0.9238925991601965,0.6255812793096932,0.6933877612208018,0.5611267752743647,0.7488826758748716
BERTopic_topic_128,interactions,All,logistic_regression,100.0,74.46804892690852,23040.833333333332,23040.833333333332,0.8689778744985097,0.5876796351784737,0.6478792336998807,0.4789958090708968,0.8210249161658636,0.8689778744985097,0.5876796351784737,0.6478792336998807,0.4789958090708968,0.8210249161658636
BERTopic_topic_128,interactions,All,random_forest,100.0,74.46804892690852,23040.833333333332,23040.833333333332,0.9517626954803028,0.8277958985548394,0.869553542029879,0.7316438323766081,0.9585354610903245,0.9517626954803028,0.8277958985548394,0.869553542029879,0.7316438323766081,0.9585354610903245
BERTopic_topic_128,interactions,All,xgboost,100.0,74.46804892690852,23040.833333333332,23040.833333333332,0.9597334523515585,0.8362601498942462,0.8686983330824823,0.7612713977992437,0.9311775684560374,0.9597334523515585,0.8362601498942462,0.8686983330824823,0.7612713977992437,0.9311775684560374
BERTopic_topic_128,interactions,All but Betweenness and Harmonic,logistic_regression,100.0,74.46804892690852,23040.833333333332,23040.833333333332,0.8650931766940575,0.5796757715528682,0.639048515847691,0.46899410198776387,0.8120197757908513,0.8650931766940575,0.5796757715528682,0.639048515847691,0.46899410198776387,0.8120197757908513
BERTopic_topic_128,interactions,All but Betweenness and Harmonic,random_forest,100.0,74.46804892690852,23040.833333333332,23040.833333333332,0.9508251543405009,0.8265039306164507,0.8681500287857745,0.7322665933781329,0.9540906120214684,0.9508251543405009,0.8265039306164507,0.8681500287857745,0.7322665933781329,0.9540906120214684
BERTopic_topic_128,interactions,All but Betweenness and Harmonic,xgboost,100.0,74.46804892690852,23040.833333333332,23040.833333333332,0.9614343241435286,0.8382019187463808,0.8737353595978959,0.7667655575217632,0.9278093178840255,0.9614343241435286,0.8382019187463808,0.8737353595978959,0.7667655575217632,0.9278093178840255
BERTopic_topic_128,interactions,Core Number Only,logistic_regression,100.0,74.46804892690852,23040.833333333332,23040.833333333332,0.7827945233011541,0.3777335274579629,0.4329467930849127,0.2945857470079839,0.545503989674506,0.7827945233011541,0.3777335274579629,0.4329467930849127,0.2945857470079839,0.545503989674506
BERTopic_topic_128,interactions,Core Number Only,random_forest,100.0,74.46804892690852,23040.833333333332,23040.833333333332,0.7708344763501095,0.39934233484437315,0.42671345339320493,0.3119942336409652,0.6539351691491012,0.7708344763501095,0.39934233484437315,0.42671345339320493,0.3119942336409652,0.6539351691491012
BERTopic_topic_128,interactions,Core Number Only,xgboost,100.0,74.46804892690852,23040.833333333332,23040.833333333332,0.7764375330536785,0.40133174821576173,0.42973846594503096,0.31402787990847,0.6558153056799672,0.7764375330536785,0.40133174821576173,0.42973846594503096,0.31402787990847,0.6558153056799672
BERTopic_topic_128,similarity,All,logistic_regression,100.0,2063.086551070703,23040.833333333332,23040.833333333332,0.9271633595299208,0.6381034715035091,0.7024692638482882,0.5410930562329442,0.8754549190102022,0.9271633595299208,0.6381034715035091,0.7024692638482882,0.5410930562329442,0.8754549190102022
BERTopic_topic_128,similarity,All,random_forest,100.0,2063.086551070703,23040.833333333332,23040.833333333332,0.9914973380018685,0.9303845792245836,0.9688937489213877,0.8904337802039629,0.9756483590395533,0.9914973380018685,0.9303845792245836,0.9688937489213877,0.8904337802039629,0.9756483590395533
BERTopic_topic_128,similarity,All,xgboost,100.0,2063.086551070703,23040.833333333332,23040.833333333332,0.9952592689568266,0.9419709007336549,0.9718264053999786,0.9165823939662255,0.9695116537369376,0.9952592689568266,0.9419709007336549,0.9718264053999786,0.9165823939662255,0.9695116537369376
BERTopic_topic_128,similarity,All but Betweenness and Harmonic,logistic_regression,100.0,2063.086551070703,23040.833333333332,23040.833333333332,0.9199847009357057,0.6521052248819624,0.7054777370774489,0.5599263894787826,0.9021033715464291,0.9199847009357057,0.6521052248819624,0.7054777370774489,0.5599263894787826,0.9021033715464291
BERTopic_topic_128,similarity,All but Betweenness and Harmonic,random_forest,100.0,2063.086551070703,23040.833333333332,23040.833333333332,0.9913094468502971,0.9314049709645773,0.9674513816843073,0.8940786679770253,0.9734056031318352,0.9913094468502971,0.9314049709645773,0.9674513816843073,0.8940786679770253,0.9734056031318352
BERTopic_topic_128,similarity,All but Betweenness and Harmonic,xgboost,100.0,2063.086551070703,23040.833333333332,23040.833333333332,0.9952349378031551,0.9421242457633019,0.9717401897776948,0.9161836642075653,0.9702702852986443,0.9952349378031551,0.9421242457633019,0.9717401897776948,0.9161836642075653,0.9702702852986443
BERTopic_topic_128,similarity,Core Number Only,logistic_regression,100.0,2063.086551070703,23040.833333333332,23040.833333333332,0.8190695223385015,0.5010895180546618,0.5597155470178345,0.423338257616852,0.6553194280467007,0.8190695223385015,0.5010895180546618,0.5597155470178345,0.423338257616852,0.6553194280467007
BERTopic_topic_128,similarity,Core Number Only,random_forest,100.0,2063.086551070703,23040.833333333332,23040.833333333332,0.9300239239203658,0.7717405677688939,0.7957329041130755,0.6746914974036974,0.9413289345152543,0.9300239239203658,0.7717405677688939,0.7957329041130755,0.6746914974036974,0.9413289345152543
BERTopic_topic_128,similarity,Core Number Only,xgboost,100.0,2063.086551070703,23040.833333333332,23040.833333333332,0.9300341347146182,0.7478630027167871,0.7712386522016605,0.6450459742903825,0.9217779864106954,0.9300341347146182,0.7478630027167871,0.7712386522016605,0.6450459742903825,0.9217779864106954
BERTopic_topic_128,similarity+interactions,All,logistic_regression,100.0,2210.1854938183874,23040.833333333332,23040.833333333332,0.9212078404520471,0.6237676573881535,0.6866289540769328,0.5374992598636678,0.8479187118053354,0.9212078404520471,0.6237676573881535,0.6866289540769328,0.5374992598636678,0.8479187118053354
BERTopic_topic_128,similarity+interactions,All,random_forest,100.0,2210.1854938183874,23040.833333333332,23040.833333333332,0.9918044413968367,0.9256091849533042,0.9677884550383529,0.8883790289208644,0.9678288857024641,0.9918044413968367,0.9256091849533042,0.9677884550383529,0.8883790289208644,0.9678288857024641
BERTopic_topic_128,similarity+interactions,All,xgboost,100.0,2210.1854938183874,23040.833333333332,23040.833333333332,0.994820667435497,0.9403625730628188,0.9711722482370705,0.9191656390848023,0.9630850155314068,0.994820667435497,0.9403625730628188,0.9711722482370705,0.9191656390848023,0.9630850155314068
BERTopic_topic_128,similarity+interactions,All but Betweenness and Harmonic,logistic_regression,100.0,2210.1854938183874,23040.833333333332,23040.833333333332,0.9180658199898849,0.6466669980494136,0.7075869514197084,0.5592347326286706,0.8881297184586603,0.9180658199898849,0.6466669980494136,0.7075869514197084,0.5592347326286706,0.8881297184586603
BERTopic_topic_128,similarity+interactions,All but Betweenness and Harmonic,random_forest,100.0,2210.1854938183874,23040.833333333332,23040.833333333332,0.9905047376795203,0.9282384958342184,0.9660638232211007,0.8918272895445088,0.9691107817223806,0.9905047376795203,0.9282384958342184,0.9660638232211007,0.8918272895445088,0.9691107817223806
BERTopic_topic_128,similarity+interactions,All but Betweenness and Harmonic,xgboost,100.0,2210.1854938183874,23040.833333333332,23040.833333333332,0.9947276035298346,0.9385757642965253,0.9711837652073738,0.9153242977020867,0.9636307475504605,0.9947276035298346,0.9385757642965253,0.9711837652073738,0.9153242977020867,0.9636307475504605
BERTopic_topic_128,similarity+interactions,Core Number Only,logistic_regression,100.0,2210.1854938183874,23040.833333333332,23040.833333333332,0.8188585021104989,0.4916709563431447,0.5551280944694666,0.4190819184223888,0.6383855270868034,0.8188585021104989,0.4916709563431447,0.5551280944694666,0.4190819184223888,0.6383855270868034
BERTopic_topic_128,similarity+interactions,Core Number Only,random_forest,100.0,2210.1854938183874,23040.833333333332,23040.833333333332,0.9254606783032712,0.7578390713713067,0.7865526544374184,0.6591395452631083,0.9356640212987903,0.9254606783032712,0.7578390713713067,0.7865526544374184,0.6591395452631083,0.9356640212987903
BERTopic_topic_128,similarity+interactions,Core Number Only,xgboost,100.0,2210.1854938183874,23040.833333333332,23040.833333333332,0.9272027244412118,0.7301594265390564,0.759836783985545,0.6269136313709996,0.9072161739188914,0.9272027244412118,0.7301594265390564,0.759836783985545,0.6269136313709996,0.9072161739188914
BERTopic_topic_128,similarity+text_similarity,All,logistic_regression,100.0,7562.177040259878,23040.833333333332,23040.833333333332,0.9314202468185208,0.7583748632211211,0.8301783949584002,0.692184917746661,0.9337267851830697,0.9314202468185208,0.7583748632211211,0.8301783949584002,0.692184917746661,0.9337267851830697
BERTopic_topic_128,similarity+text_similarity,All,random_forest,100.0,7562.177040259878,23040.833333333332,23040.833333333332,0.9941205553423614,0.9669733221707472,0.9813492838883234,0.9455927440817073,0.9895934934077024,0.9941205553423614,0.9669733221707472,0.9813492838883234,0.9455927440817073,0.9895934934077024
BERTopic_topic_128,similarity+text_similarity,All,xgboost,100.0,7562.177040259878,23040.833333333332,23040.833333333332,0.9958646018195715,0.9681893806558035,0.9835165366727593,0.9506421920044869,0.9865756281865613,0.9958646018195715,0.9681893806558035,0.9835165366727593,0.9506421920044869,0.9865756281865613
BERTopic_topic_128,similarity+text_similarity,All but Betweenness and Harmonic,logistic_regression,100.0,7562.177040259878,23040.833333333332,23040.833333333332,0.9566508877235359,0.8257442053535208,0.8641515677510031,0.7544413453300834,0.9289618864490602,0.9566508877235359,0.8257442053535208,0.8641515677510031,0.7544413453300834,0.9289618864490602
BERTopic_topic_128,similarity+text_similarity,All but Betweenness and Harmonic,random_forest,100.0,7562.177040259878,23040.833333333332,23040.833333333332,0.9933709153598128,0.9656123070239723,0.9814818013074261,0.9436822485024231,0.9888537993378487,0.9933709153598128,0.9656123070239723,0.9814818013074261,0.9436822485024231,0.9888537993378487
BERTopic_topic_128,similarity+text_similarity,All but Betweenness and Harmonic,xgboost,100.0,7562.177040259878,23040.833333333332,23040.833333333332,0.9957391395825527,0.9672537391972044,0.9833446977683439,0.9485954616630011,0.9868842912261071,0.9957391395825527,0.9672537391972044,0.9833446977683439,0.9485954616630011,0.9868842912261071
BERTopic_topic_128,similarity+text_similarity,Core Number Only,logistic_regression,100.0,7562.177040259878,23040.833333333332,23040.833333333332,0.8906996425688205,0.5442711063526363,0.6326592013177372,0.5337272890805379,0.5575129443967026,0.8906996425688205,0.5442711063526363,0.6326592013177372,0.5337272890805379,0.5575129443967026
BERTopic_topic_128,similarity+text_similarity,Core Number Only,random_forest,100.0,7562.177040259878,23040.833333333332,23040.833333333332,0.9257472983443652,0.6695530707258555,0.7093872871264691,0.6236751502541104,0.7987845421152581,0.9257472983443652,0.6695530707258555,0.7093872871264691,0.6236751502541104,0.7987845421152581
BERTopic_topic_128,similarity+text_similarity,Core Number Only,xgboost,100.0,7562.177040259878,23040.833333333332,23040.833333333332,0.9359700130895442,0.644955801474356,0.6983549136398013,0.594066063463696,0.7470089794894301,0.9359700130895442,0.644955801474356,0.6983549136398013,0.594066063463696,0.7470089794894301
BERTopic_topic_128,similarity+text_similarity+interactions,All,logistic_regression,100.0,7967.357503331422,23040.833333333332,23040.833333333332,0.9198328481856067,0.767940405983171,0.8231600027681761,0.6896852495188274,0.9219170316532699,0.9198328481856067,0.767940405983171,0.8231600027681761,0.6896852495188274,0.9219170316532699
BERTopic_topic_128,similarity+text_similarity+interactions,All,random_forest,100.0,7967.357503331422,23040.833333333332,23040.833333333332,0.9941653071599443,0.9653875355363105,0.9801738838503509,0.9439232108189265,0.9881841927324769,0.9941653071599443,0.9653875355363105,0.9801738838503509,0.9439232108189265,0.9881841927324769
BERTopic_topic_128,similarity+text_similarity+interactions,All,xgboost,100.0,7967.357503331422,23040.833333333332,23040.833333333332,0.9957404095195316,0.9661641096229653,0.9822205617009541,0.9483726061426018,0.9847963083108716,0.9957404095195316,0.9661641096229653,0.9822205617009541,0.9483726061426018,0.9847963083108716
BERTopic_topic_128,similarity+text_similarity+interactions,All but Betweenness and Harmonic,logistic_regression,100.0,7967.357503331422,23040.833333333332,23040.833333333332,0.9496911469099619,0.8036463003758759,0.8479734098142623,0.7329345218448265,0.9106172281390313,0.9496911469099619,0.8036463003758759,0.8479734098142623,0.7329345218448265,0.9106172281390313
BERTopic_topic_128,similarity+text_similarity+interactions,All but Betweenness and Harmonic,random_forest,100.0,7967.357503331422,23040.833333333332,23040.833333333332,0.9934412698323566,0.9650576447571364,0.9793382957017838,0.9436609918823925,0.9877191635676184,0.9934412698323566,0.9650576447571364,0.9793382957017838,0.9436609918823925,0.9877191635676184
BERTopic_topic_128,similarity+text_similarity+interactions,All but Betweenness and Harmonic,xgboost,100.0,7967.357503331422,23040.833333333332,23040.833333333332,0.9953310267716492,0.9639189583210565,0.9822815331348242,0.9457903707401956,0.9829522520408572,0.9953310267716492,0.9639189583210565,0.9822815331348242,0.9457903707401956,0.9829522520408572
BERTopic_topic_128,similarity+text_similarity+interactions,Core Number Only,logistic_regression,100.0,7967.357503331422,23040.833333333332,23040.833333333332,0.8906008450324947,0.5312008462598469,0.6292123667828607,0.5216856024579528,0.5432257545788565,0.8906008450324947,0.5312008462598469,0.6292123667828607,0.5216856024579528,0.5432257545788565
BERTopic_topic_128,similarity+text_similarity+interactions,Core Number Only,random_forest,100.0,7967.357503331422,23040.833333333332,23040.833333333332,0.9241742869346555,0.6572223090282493,0.7013827353228369,0.611428639383861,0.7856567292657392,0.9241742869346555,0.6572223090282493,0.7013827353228369,0.611428639383861,0.7856567292657392
BERTopic_topic_128,similarity+text_similarity+interactions,Core Number Only,xgboost,100.0,7967.357503331422,23040.833333333332,23040.833333333332,0.9354373206499601,0.6313661926797353,0.6932474858841604,0.5818130901452337,0.7278732341036561,0.9354373206499601,0.6313661926797353,0.6932474858841604,0.5818130901452337,0.7278732341036561
BERTopic_topic_128,text_similarity,All,logistic_regression,100.0,8082.375401517745,23040.833333333332,23040.833333333332,0.9378393281574144,0.7354214816272512,0.820183654033415,0.6736402400208313,0.8643904863549632,0.9378393281574144,0.7354214816272512,0.820183654033415,0.6736402400208313,0.8643904863549632
BERTopic_topic_128,text_similarity,All,random_forest,100.0,8082.375401517745,23040.833333333332,23040.833333333332,0.9931041394508605,0.9662566326979359,0.9810395307529176,0.9442478196601019,0.9896561797247313,0.9931041394508605,0.9662566326979359,0.9810395307529176,0.9442478196601019,0.9896561797247313
BERTopic_topic_128,text_similarity,All,xgboost,100.0,8082.375401517745,23040.833333333332,23040.833333333332,0.995653025091507,0.9676103633219634,0.9824101506056265,0.9499585598977416,0.9860680288441022,0.995653025091507,0.9676103633219634,0.9824101506056265,0.9499585598977416,0.9860680288441022
BERTopic_topic_128,text_similarity,All but Betweenness and Harmonic,logistic_regression,100.0,8082.375401517745,23040.833333333332,23040.833333333332,0.9516126843638628,0.802813811444778,0.8473749042015394,0.7306216967146871,0.9046690392633109,0.9516126843638628,0.802813811444778,0.8473749042015394,0.7306216967146871,0.9046690392633109
BERTopic_topic_128,text_similarity,All but Betweenness and Harmonic,random_forest,100.0,8082.375401517745,23040.833333333332,23040.833333333332,0.9922315219239674,0.9665673348178725,0.9799999530241633,0.9445639580037658,0.9898837751679529,0.9922315219239674,0.9665673348178725,0.9799999530241633,0.9445639580037658,0.9898837751679529
BERTopic_topic_128,text_similarity,All but Betweenness and Harmonic,xgboost,100.0,8082.375401517745,23040.833333333332,23040.833333333332,0.995606344874604,0.9667051539306762,0.9827673828231848,0.9490871185504566,0.9851291793241188,0.995606344874604,0.9667051539306762,0.9827673828231848,0.9490871185504566,0.9851291793241188
BERTopic_topic_128,text_similarity,Core Number Only,logistic_regression,100.0,8082.375401517745,23040.833333333332,23040.833333333332,0.8914972496684873,0.5441385098451773,0.6327745458104935,0.5330567700873385,0.5578989082693439,0.8914972496684873,0.5441385098451773,0.6327745458104935,0.5330567700873385,0.5578989082693439
BERTopic_topic_128,text_similarity,Core Number Only,random_forest,100.0,8082.375401517745,23040.833333333332,23040.833333333332,0.9289163645598754,0.6797033865076707,0.713145430814507,0.6323743602362814,0.8121650195349401,0.9289163645598754,0.6797033865076707,0.713145430814507,0.6323743602362814,0.8121650195349401
BERTopic_topic_128,text_similarity,Core Number Only,xgboost,100.0,8082.375401517745,23040.833333333332,23040.833333333332,0.9369469218229813,0.6237206868526146,0.6968034305211365,0.5799755404389351,0.725621479262251,0.9369469218229813,0.6237206868526146,0.6968034305211365,0.5799755404389351,0.725621479262251
BERTopic_topic_128,text_similarity+interactions,All,logistic_regression,100.0,6748.558685164656,23040.833333333332,23040.833333333332,0.9386651509555954,0.6960823995069717,0.7915927757342279,0.6308146841575762,0.8528872088193132,0.9386651509555954,0.6960823995069717,0.7915927757342279,0.6308146841575762,0.8528872088193132
BERTopic_topic_128,text_similarity+interactions,All,random_forest,100.0,6748.558685164656,23040.833333333332,23040.833333333332,0.992490008076734,0.9643424675429243,0.9790261880355208,0.9416410636495884,0.9885441368201938,0.992490008076734,0.9643424675429243,0.9790261880355208,0.9416410636495884,0.9885441368201938
BERTopic_topic_128,text_similarity+interactions,All,xgboost,100.0,6748.558685164656,23040.833333333332,23040.833333333332,0.9952367455138114,0.965030938306188,0.9805659358529711,0.9483935559117153,0.9823649122538974,0.9952367455138114,0.965030938306188,0.9805659358529711,0.9483935559117153,0.9823649122538974
BERTopic_topic_128,text_similarity+interactions,All but Betweenness and Harmonic,logistic_regression,100.0,6748.558685164656,23040.833333333332,23040.833333333332,0.9512283201538162,0.7937892934412333,0.8447476142409314,0.7225940440883774,0.8963645630183424,0.9512283201538162,0.7937892934412333,0.8447476142409314,0.7225940440883774,0.8963645630183424
BERTopic_topic_128,text_similarity+interactions,All but Betweenness and Harmonic,random_forest,100.0,6748.558685164656,23040.833333333332,23040.833333333332,0.9922424254075614,0.9633046796661714,0.979223447245182,0.9409976614961746,0.9871021563004767,0.9922424254075614,0.9633046796661714,0.979223447245182,0.9409976614961746,0.9871021563004767
BERTopic_topic_128,text_similarity+interactions,All but Betweenness and Harmonic,xgboost,100.0,6748.558685164656,23040.833333333332,23040.833333333332,0.9949779086756813,0.9637938799288618,0.9806191084974057,0.9467832727239217,0.9815331903861736,0.9949779086756813,0.9637938799288618,0.9806191084974057,0.9467832727239217,0.9815331903861736
BERTopic_topic_128,text_similarity+interactions,Core Number Only,logistic_regression,100.0,6748.558685164656,23040.833333333332,23040.833333333332,0.8913342321109957,0.5340240244905939,0.6290391318842583,0.5254814037637234,0.5448464553167197,0.8913342321109957,0.5340240244905939,0.6290391318842583,0.5254814037637234,0.5448464553167197
BERTopic_topic_128,text_similarity+interactions,Core Number Only,random_forest,100.0,6748.558685164656,23040.833333333332,23040.833333333332,0.927690407028514,0.6665083966882763,0.7053008905523951,0.6192743254312276,0.800645756207568,0.927690407028514,0.6665083966882763,0.7053008905523951,0.6192743254312276,0.800645756207568
BERTopic_topic_128,text_similarity+interactions,Core Number Only,xgboost,100.0,6748.558685164656,23040.833333333332,23040.833333333332,0.937374043767227,0.622958780087181,0.6924246068625952,0.5775491847611912,0.7157768168663514,0.937374043767227,0.622958780087181,0.6924246068625952,0.5775491847611912,0.7157768168663514
BERTopic_topic_256,interactions,All,logistic_regression,100.0,79.65786533026646,23040.833333333332,23040.833333333332,0.8551652313582165,0.5624843783930206,0.6341688390896679,0.4607579612812036,0.7451759320066521,0.8551652313582165,0.5624843783930206,0.6341688390896679,0.4607579612812036,0.7451759320066521
BERTopic_topic_256,interactions,All,random_forest,100.0,79.65786533026646,23040.833333333332,23040.833333333332,0.9505477456430751,0.8023281358627794,0.8601253260340597,0.7043251443385401,0.9398872626711561,0.9505477456430751,0.8023281358627794,0.8601253260340597,0.7043251443385401,0.9398872626711561
BERTopic_topic_256,interactions,All,xgboost,100.0,79.65786533026646,23040.833333333332,23040.833333333332,0.9575281630703035,0.81619097642645,0.8569747530998439,0.7436105374532369,0.9076722578916833,0.9575281630703035,0.81619097642645,0.8569747530998439,0.7436105374532369,0.9076722578916833
BERTopic_topic_256,interactions,All but Betweenness and Harmonic,logistic_regression,100.0,79.65786533026646,23040.833333333332,23040.833333333332,0.8575297507547566,0.5518084075546238,0.6217771600729699,0.445572683831072,0.7695329783711421,0.8575297507547566,0.5518084075546238,0.6217771600729699,0.445572683831072,0.7695329783711421
BERTopic_topic_256,interactions,All but Betweenness and Harmonic,random_forest,100.0,79.65786533026646,23040.833333333332,23040.833333333332,0.9491633862650137,0.8019619578466068,0.8565804174053399,0.7055532420132297,0.9341374489198135,0.9491633862650137,0.8019619578466068,0.8565804174053399,0.7055532420132297,0.9341374489198135
BERTopic_topic_256,interactions,All but Betweenness and Harmonic,xgboost,100.0,79.65786533026646,23040.833333333332,23040.833333333332,0.958386410524325,0.8147915854502851,0.8592756553765487,0.7413589884334275,0.9080005444715468,0.958386410524325,0.8147915854502851,0.8592756553765487,0.7413589884334275,0.9080005444715468
BERTopic_topic_256,interactions,Core Number Only,logistic_regression,100.0,79.65786533026646,23040.833333333332,23040.833333333332,0.7827945233011541,0.3777335274579629,0.4329467930849127,0.2945857470079839,0.545503989674506,0.7827945233011541,0.3777335274579629,0.4329467930849127,0.2945857470079839,0.545503989674506
BERTopic_topic_256,interactions,Core Number Only,random_forest,100.0,79.65786533026646,23040.833333333332,23040.833333333332,0.7708344763501095,0.39934233484437315,0.42671345339320493,0.3119942336409652,0.6539351691491012,0.7708344763501095,0.39934233484437315,0.42671345339320493,0.3119942336409652,0.6539351691491012
BERTopic_topic_256,interactions,Core Number Only,xgboost,100.0,79.65786533026646,23040.833333333332,23040.833333333332,0.7764375330536785,0.40133174821576173,0.42973846594503096,0.31402787990847,0.6558153056799672,0.7764375330536785,0.40133174821576173,0.42973846594503096,0.31402787990847,0.6558153056799672
BERTopic_topic_256,similarity,All,logistic_regression,100.0,2142.2674228208684,23040.833333333332,23040.833333333332,0.922249538760629,0.6237576060749369,0.6918713013181571,0.5332617304148694,0.8407524556036975,0.922249538760629,0.6237576060749369,0.6918713013181571,0.5332617304148694,0.8407524556036975
BERTopic_topic_256,similarity,All,random_forest,100.0,2142.2674228208684,23040.833333333332,23040.833333333332,0.9925599381964015,0.9303225321384628,0.9685592099820796,0.8892987224762705,0.9774910091191398,0.9925599381964015,0.9303225321384628,0.9685592099820796,0.8892987224762705,0.9774910091191398
BERTopic_topic_256,similarity,All,xgboost,100.0,2142.2674228208684,23040.833333333332,23040.833333333332,0.995032129556538,0.9399456107354611,0.9723310107002439,0.9148231629855642,0.9669851731381938,0.995032129556538,0.9399456107354611,0.9723310107002439,0.9148231629855642,0.9669851731381938
BERTopic_topic_256,similarity,All but Betweenness and Harmonic,logistic_regression,100.0,2142.2674228208684,23040.833333333332,23040.833333333332,0.9183719227096608,0.642002475777558,0.6956835838186414,0.5520977194739055,0.8770799495072118,0.9183719227096608,0.642002475777558,0.6956835838186414,0.5520977194739055,0.8770799495072118
BERTopic_topic_256,similarity,All but Betweenness and Harmonic,random_forest,100.0,2142.2674228208684,23040.833333333332,23040.833333333332,0.991704529150363,0.9295424630437784,0.9678145313260984,0.8903452599517561,0.9740402468663403,0.991704529150363,0.9295424630437784,0.9678145313260984,0.8903452599517561,0.9740402468663403
BERTopic_topic_256,similarity,All but Betweenness and Harmonic,xgboost,100.0,2142.2674228208684,23040.833333333332,23040.833333333332,0.9944606533495723,0.9388004026486406,0.9716778468357942,0.9137507416450824,0.9657431088723357,0.9944606533495723,0.9388004026486406,0.9716778468357942,0.9137507416450824,0.9657431088723357
BERTopic_topic_256,similarity,Core Number Only,logistic_regression,100.0,2142.2674228208684,23040.833333333332,23040.833333333332,0.8190695223385015,0.5010895180546618,0.5597155470178345,0.423338257616852,0.6553194280467007,0.8190695223385015,0.5010895180546618,0.5597155470178345,0.423338257616852,0.6553194280467007
BERTopic_topic_256,similarity,Core Number Only,random_forest,100.0,2142.2674228208684,23040.833333333332,23040.833333333332,0.9300239239203658,0.7717405677688939,0.7957329041130755,0.6746914974036974,0.9413289345152543,0.9300239239203658,0.7717405677688939,0.7957329041130755,0.6746914974036974,0.9413289345152543
BERTopic_topic_256,similarity,Core Number Only,xgboost,100.0,2142.2674228208684,23040.833333333332,23040.833333333332,0.9300341347146182,0.7478630027167871,0.7712386522016605,0.6450459742903825,0.9217779864106954,0.9300341347146182,0.7478630027167871,0.7712386522016605,0.6450459742903825,0.9217779864106954
BERTopic_topic_256,similarity+interactions,All,logistic_regression,100.0,1940.3983580449324,23040.833333333332,23040.833333333332,0.9126941148636313,0.6117265848994012,0.6732127440611978,0.5316318767764109,0.8120362426152444,0.9126941148636313,0.6117265848994012,0.6732127440611978,0.5316318767764109,0.8120362426152444
BERTopic_topic_256,similarity+interactions,All,random_forest,100.0,1940.3983580449324,23040.833333333332,23040.833333333332,0.992350966850426,0.9287221267851545,0.968443314964983,0.887904923791733,0.9755737879756358,0.992350966850426,0.9287221267851545,0.968443314964983,0.887904923791733,0.9755737879756358
BERTopic_topic_256,similarity+interactions,All,xgboost,100.0,1940.3983580449324,23040.833333333332,23040.833333333332,0.9941587989140935,0.9368441425763231,0.9696945804171917,0.912772276836545,0.9627767282473401,0.9941587989140935,0.9368441425763231,0.9696945804171917,0.912772276836545,0.9627767282473401
BERTopic_topic_256,similarity+interactions,All but Betweenness and Harmonic,logistic_regression,100.0,1940.3983580449324,23040.833333333332,23040.833333333332,0.9178493361424792,0.6389583587952951,0.6976045507319221,0.5554424024787905,0.8949912261289317,0.9178493361424792,0.6389583587952951,0.6976045507319221,0.5554424024787905,0.8949912261289317
BERTopic_topic_256,similarity+interactions,All but Betweenness and Harmonic,random_forest,100.0,1940.3983580449324,23040.833333333332,23040.833333333332,0.9915828565569167,0.9274858775079632,0.9666216934008703,0.8890141511951932,0.9712364500660738,0.9915828565569167,0.9274858775079632,0.9666216934008703,0.8890141511951932,0.9712364500660738
BERTopic_topic_256,similarity+interactions,All but Betweenness and Harmonic,xgboost,100.0,1940.3983580449324,23040.833333333332,23040.833333333332,0.9938860288151777,0.936093335180483,0.9680759134469353,0.9103709664012842,0.9639764485126712,0.9938860288151777,0.936093335180483,0.9680759134469353,0.9103709664012842,0.9639764485126712
BERTopic_topic_256,similarity+interactions,Core Number Only,logistic_regression,100.0,1940.3983580449324,23040.833333333332,23040.833333333332,0.8188585021104989,0.4916709563431447,0.5551280944694666,0.4190819184223888,0.6383855270868034,0.8188585021104989,0.4916709563431447,0.5551280944694666,0.4190819184223888,0.6383855270868034
BERTopic_topic_256,similarity+interactions,Core Number Only,random_forest,100.0,1940.3983580449324,23040.833333333332,23040.833333333332,0.9254606783032712,0.7578390713713067,0.7865526544374184,0.6591395452631083,0.9356640212987903,0.9254606783032712,0.7578390713713067,0.7865526544374184,0.6591395452631083,0.9356640212987903
BERTopic_topic_256,similarity+interactions,Core Number Only,xgboost,100.0,1940.3983580449324,23040.833333333332,23040.833333333332,0.9272027244412118,0.7301594265390564,0.759836783985545,0.6269136313709996,0.9072161739188914,0.9272027244412118,0.7301594265390564,0.759836783985545,0.6269136313709996,0.9072161739188914
BERTopic_topic_256,similarity+text_similarity,All,logistic_regression,100.0,8451.459937650978,23040.833333333332,23040.833333333332,0.9359548275721314,0.6907333395318224,0.7661966912985556,0.6492928059638362,0.8303866344314556,0.9359548275721314,0.6907333395318224,0.7661966912985556,0.6492928059638362,0.8303866344314556
BERTopic_topic_256,similarity+text_similarity,All,random_forest,100.0,8451.459937650978,23040.833333333332,23040.833333333332,0.9943685498249321,0.9680029979425365,0.983149730735852,0.9473881980808057,0.9898877074824338,0.9943685498249321,0.9680029979425365,0.983149730735852,0.9473881980808057,0.9898877074824338
BERTopic_topic_256,similarity+text_similarity,All,xgboost,100.0,8451.459937650978,23040.833333333332,23040.833333333332,0.9957886575355949,0.9691114022364418,0.9829886348119089,0.952344367875765,0.9866351834759906,0.9957886575355949,0.9691114022364418,0.9829886348119089,0.952344367875765,0.9866351834759906
BERTopic_topic_256,similarity+text_similarity,All but Betweenness and Harmonic,logistic_regression,100.0,8451.459937650978,23040.833333333332,23040.833333333332,0.9612044626786393,0.8581353582054166,0.893778153795958,0.786219644962729,0.9545419904131408,0.9612044626786393,0.8581353582054166,0.893778153795958,0.786219644962729,0.9545419904131408
BERTopic_topic_256,similarity+text_similarity,All but Betweenness and Harmonic,random_forest,100.0,8451.459937650978,23040.833333333332,23040.833333333332,0.9942688623722994,0.9672593356883356,0.981982455040869,0.9471617033362104,0.9885648845898932,0.9942688623722994,0.9672593356883356,0.981982455040869,0.9471617033362104,0.9885648845898932
BERTopic_topic_256,similarity+text_similarity,All but Betweenness and Harmonic,xgboost,100.0,8451.459937650978,23040.833333333332,23040.833333333332,0.9954477392710283,0.9675732172726222,0.9824444165371496,0.9495771553450854,0.9864585137696461,0.9954477392710283,0.9675732172726222,0.9824444165371496,0.9495771553450854,0.9864585137696461
BERTopic_topic_256,similarity+text_similarity,Core Number Only,logistic_regression,100.0,8451.459937650978,23040.833333333332,23040.833333333332,0.8893579444025536,0.5295247088396774,0.608659048027612,0.517032594938486,0.5455291063136116,0.8893579444025536,0.5295247088396774,0.608659048027612,0.517032594938486,0.5455291063136116
BERTopic_topic_256,similarity+text_similarity,Core Number Only,random_forest,100.0,8451.459937650978,23040.833333333332,23040.833333333332,0.9299158026528164,0.6225860169693535,0.6897428397096661,0.6005121555222811,0.7660334008785473,0.9299158026528164,0.6225860169693535,0.6897428397096661,0.6005121555222811,0.7660334008785473
BERTopic_topic_256,similarity+text_similarity,Core Number Only,xgboost,100.0,8451.459937650978,23040.833333333332,23040.833333333332,0.937573237359914,0.6002534968814676,0.6802357948052588,0.5760691577485016,0.7323197749362039,0.937573237359914,0.6002534968814676,0.6802357948052588,0.5760691577485016,0.7323197749362039
BERTopic_topic_256,similarity+text_similarity+interactions,All,logistic_regression,100.0,10716.025698079573,23040.833333333332,23040.833333333332,0.9281686553433506,0.6688087831589767,0.7505055067498856,0.6220941582769018,0.8216881966566282,0.9281686553433506,0.6688087831589767,0.7505055067498856,0.6220941582769018,0.8216881966566282
BERTopic_topic_256,similarity+text_similarity+interactions,All,random_forest,100.0,10716.025698079573,23040.833333333332,23040.833333333332,0.9935444576290577,0.9662922705299346,0.9806008696185512,0.9449637974896467,0.9889434037406314,0.9935444576290577,0.9662922705299346,0.9806008696185512,0.9449637974896467,0.9889434037406314
BERTopic_topic_256,similarity+text_similarity+interactions,All,xgboost,100.0,10716.025698079573,23040.833333333332,23040.833333333332,0.9957556957308632,0.9669517157646519,0.9813434227860899,0.9518003155166713,0.9826711336924986,0.9957556957308632,0.9669517157646519,0.9813434227860899,0.9518003155166713,0.9826711336924986
BERTopic_topic_256,similarity+text_similarity+interactions,All but Betweenness and Harmonic,logistic_regression,100.0,10716.025698079573,23040.833333333332,23040.833333333332,0.9551431098733357,0.8394597567176633,0.8760952020012089,0.7670192177245106,0.9389013736155943,0.9551431098733357,0.8394597567176633,0.8760952020012089,0.7670192177245106,0.9389013736155943
BERTopic_topic_256,similarity+text_similarity+interactions,All but Betweenness and Harmonic,random_forest,100.0,10716.025698079573,23040.833333333332,23040.833333333332,0.9937883154902684,0.96620644741652,0.9812624355634233,0.9450286049741173,0.9886874892942629,0.9937883154902684,0.96620644741652,0.9812624355634233,0.9450286049741173,0.9886874892942629
BERTopic_topic_256,similarity+text_similarity+interactions,All but Betweenness and Harmonic,xgboost,100.0,10716.025698079573,23040.833333333332,23040.833333333332,0.9953829581871809,0.9649215973171228,0.9811131855627515,0.9466001820213882,0.9841588573722083,0.9953829581871809,0.9649215973171228,0.9811131855627515,0.9466001820213882,0.9841588573722083
BERTopic_topic_256,similarity+text_similarity+interactions,Core Number Only,logistic_regression,100.0,10716.025698079573,23040.833333333332,23040.833333333332,0.8891586245540818,0.5205688161529645,0.6056533607787027,0.511450337898682,0.5327793546896663,0.8891586245540818,0.5205688161529645,0.6056533607787027,0.511450337898682,0.5327793546896663
BERTopic_topic_256,similarity+text_similarity+interactions,Core Number Only,random_forest,100.0,10716.025698079573,23040.833333333332,23040.833333333332,0.9279671615759391,0.6122498970006066,0.6814251218994256,0.589004364221013,0.7594586943220677,0.9279671615759391,0.6122498970006066,0.6814251218994256,0.589004364221013,0.7594586943220677
BERTopic_topic_256,similarity+text_similarity+interactions,Core Number Only,xgboost,100.0,10716.025698079573,23040.833333333332,23040.833333333332,0.9373041050982014,0.5879610148379055,0.675414841482537,0.5641907701852148,0.6821477397285675,0.9373041050982014,0.5879610148379055,0.675414841482537,0.5641907701852148,0.6821477397285675
BERTopic_topic_256,text_similarity,All,logistic_regression,100.0,7994.835871474439,23040.833333333332,23040.833333333332,0.9218608572750449,0.7320743284547498,0.7940457271495247,0.6619372115395964,0.8963789534235508,0.9218608572750449,0.7320743284547498,0.7940457271495247,0.6619372115395964,0.8963789534235508
BERTopic_topic_256,text_similarity,All,random_forest,100.0,7994.835871474439,23040.833333333332,23040.833333333332,0.9942294256179033,0.9673595937140744,0.9826387542038043,0.9447860705649848,0.9914380761604334,0.9942294256179033,0.9673595937140744,0.9826387542038043,0.9447860705649848,0.9914380761604334
BERTopic_topic_256,text_similarity,All,xgboost,100.0,7994.835871474439,23040.833333333332,23040.833333333332,0.9956143159350345,0.9682948851629041,0.982701555219486,0.9497236557208063,0.9878634293471396,0.9956143159350345,0.9682948851629041,0.982701555219486,0.9497236557208063,0.9878634293471396
BERTopic_topic_256,text_similarity,All but Betweenness and Harmonic,logistic_regression,100.0,7994.835871474439,23040.833333333332,23040.833333333332,0.9497526598637234,0.8125133675494819,0.859944696852342,0.7431551380499584,0.9186124454524968,0.9497526598637234,0.8125133675494819,0.859944696852342,0.7431551380499584,0.9186124454524968
BERTopic_topic_256,text_similarity,All but Betweenness and Harmonic,random_forest,100.0,7994.835871474439,23040.833333333332,23040.833333333332,0.9931774742770084,0.9670952337856131,0.9818051094053245,0.9454174102814208,0.9900541860860733,0.9931774742770084,0.9670952337856131,0.9818051094053245,0.9454174102814208,0.9900541860860733
BERTopic_topic_256,text_similarity,All but Betweenness and Harmonic,xgboost,100.0,7994.835871474439,23040.833333333332,23040.833333333332,0.9954873191054027,0.9664507638075591,0.9822778904865216,0.9483543337436817,0.9854633579067068,0.9954873191054027,0.9664507638075591,0.9822778904865216,0.9483543337436817,0.9854633579067068
BERTopic_topic_256,text_similarity,Core Number Only,logistic_regression,100.0,7994.835871474439,23040.833333333332,23040.833333333332,0.8898946953338956,0.5294706240325872,0.6088788253861314,0.5164532253391431,0.545964325098916,0.8898946953338956,0.5294706240325872,0.6088788253861314,0.5164532253391431,0.545964325098916
BERTopic_topic_256,text_similarity,Core Number Only,random_forest,100.0,7994.835871474439,23040.833333333332,23040.833333333332,0.9294722712012579,0.6299608397494886,0.6902851323120478,0.606313686393764,0.7706799760317762,0.9294722712012579,0.6299608397494886,0.6902851323120478,0.606313686393764,0.7706799760317762
BERTopic_topic_256,text_similarity,Core Number Only,xgboost,100.0,7994.835871474439,23040.833333333332,23040.833333333332,0.93731252299554,0.5984555745378682,0.6811631503964869,0.575365018909229,0.6856135782055798,0.93731252299554,0.5984555745378682,0.6811631503964869,0.575365018909229,0.6856135782055798
BERTopic_topic_256,text_similarity+interactions,All,logistic_regression,100.0,8861.702527236292,23040.833333333332,23040.833333333332,0.910086844059747,0.6907576193449544,0.7600014326518906,0.6370204086365435,0.8730056843462547,0.910086844059747,0.6907576193449544,0.7600014326518906,0.6370204086365435,0.8730056843462547
BERTopic_topic_256,text_similarity+interactions,All,random_forest,100.0,8861.702527236292,23040.833333333332,23040.833333333332,0.9930253342986296,0.9647447403978292,0.9808199352456186,0.9411616746285922,0.9898452940773458,0.9930253342986296,0.9647447403978292,0.9808199352456186,0.9411616746285922,0.9898452940773458
BERTopic_topic_256,text_similarity+interactions,All,xgboost,100.0,8861.702527236292,23040.833333333332,23040.833333333332,0.9947390363951424,0.9679667990149446,0.981601648716162,0.9497828790894243,0.9870048369074421,0.9947390363951424,0.9679667990149446,0.981601648716162,0.9497828790894243,0.9870048369074421
BERTopic_topic_256,text_similarity+interactions,All but Betweenness and Harmonic,logistic_regression,100.0,8861.702527236292,23040.833333333332,23040.833333333332,0.9499646769426184,0.7971856370789897,0.8491157188120328,0.7296596288910288,0.902933483174256,0.9499646769426184,0.7971856370789897,0.8491157188120328,0.7296596288910288,0.902933483174256
BERTopic_topic_256,text_similarity+interactions,All but Betweenness and Harmonic,random_forest,100.0,8861.702527236292,23040.833333333332,23040.833333333332,0.9938121046295612,0.9641350896179405,0.9805572977405957,0.9405760825103195,0.9891987633381599,0.9938121046295612,0.9641350896179405,0.9805572977405957,0.9405760825103195,0.9891987633381599
BERTopic_topic_256,text_similarity+interactions,All but Betweenness and Harmonic,xgboost,100.0,8861.702527236292,23040.833333333332,23040.833333333332,0.9947874516384371,0.9646550279018421,0.9814286172728588,0.9459356536075928,0.9843171990340657,0.9947874516384371,0.9646550279018421,0.9814286172728588,0.9459356536075928,0.9843171990340657
BERTopic_topic_256,text_similarity+interactions,Core Number Only,logistic_regression,100.0,8861.702527236292,23040.833333333332,23040.833333333332,0.8897038538925418,0.5204773483866723,0.6058659844506077,0.5108203558891762,0.5331704108527197,0.8897038538925418,0.5204773483866723,0.6058659844506077,0.5108203558891762,0.5331704108527197
BERTopic_topic_256,text_similarity+interactions,Core Number Only,random_forest,100.0,8861.702527236292,23040.833333333332,23040.833333333332,0.9282532614571771,0.6160950574440679,0.6836801218043472,0.5917459534868429,0.7582716411922298,0.9282532614571771,0.6160950574440679,0.6836801218043472,0.5917459534868429,0.7582716411922298
BERTopic_topic_256,text_similarity+interactions,Core Number Only,xgboost,100.0,8861.702527236292,23040.833333333332,23040.833333333332,0.9370185747672967,0.5835458347741441,0.6745646050197278,0.5616184873182872,0.6694780299687287,0.9370185747672967,0.5835458347741441,0.6745646050197278,0.5616184873182872,0.6694780299687287
BERTopic_topic_512,interactions,All,logistic_regression,100.0,67.78589381166967,23040.833333333332,23040.833333333332,0.8483177956674282,0.5626506017580936,0.6204944604676342,0.46034050798261017,0.7627136189985951,0.8483177956674282,0.5626506017580936,0.6204944604676342,0.46034050798261017,0.7627136189985951
BERTopic_topic_512,interactions,All,random_forest,100.0,67.78589381166967,23040.833333333332,23040.833333333332,0.9468703353126239,0.798625339578617,0.8518368609109368,0.7014768274270627,0.9351553078432393,0.9468703353126239,0.798625339578617,0.8518368609109368,0.7014768274270627,0.9351553078432393
BERTopic_topic_512,interactions,All,xgboost,100.0,67.78589381166967,23040.833333333332,23040.833333333332,0.9538995445199815,0.8052751783511809,0.8542413267540394,0.7259253099028552,0.9082391246610341,0.9538995445199815,0.8052751783511809,0.8542413267540394,0.7259253099028552,0.9082391246610341
BERTopic_topic_512,interactions,All but Betweenness and Harmonic,logistic_regression,100.0,67.78589381166967,23040.833333333332,23040.833333333332,0.8459511662513578,0.555415634603545,0.6232752690649891,0.4471540243244924,0.7685098708219184,0.8459511662513578,0.555415634603545,0.6232752690649891,0.4471540243244924,0.7685098708219184
BERTopic_topic_512,interactions,All but Betweenness and Harmonic,random_forest,100.0,67.78589381166967,23040.833333333332,23040.833333333332,0.9462873777741874,0.7982053951086652,0.8503463925053073,0.7028662469070129,0.9295730333279892,0.9462873777741874,0.7982053951086652,0.8503463925053073,0.7028662469070129,0.9295730333279892
BERTopic_topic_512,interactions,All but Betweenness and Harmonic,xgboost,100.0,67.78589381166967,23040.833333333332,23040.833333333332,0.9535539870358954,0.8045465074579932,0.8522901776961773,0.7269382164822181,0.9042440370914803,0.9535539870358954,0.8045465074579932,0.8522901776961773,0.7269382164822181,0.9042440370914803
BERTopic_topic_512,interactions,Core Number Only,logistic_regression,100.0,67.78589381166967,23040.833333333332,23040.833333333332,0.7827945233011541,0.3777335274579629,0.4329467930849127,0.2945857470079839,0.545503989674506,0.7827945233011541,0.3777335274579629,0.4329467930849127,0.2945857470079839,0.545503989674506
BERTopic_topic_512,interactions,Core Number Only,random_forest,100.0,67.78589381166967,23040.833333333332,23040.833333333332,0.7708344763501095,0.39934233484437315,0.42671345339320493,0.3119942336409652,0.6539351691491012,0.7708344763501095,0.39934233484437315,0.42671345339320493,0.3119942336409652,0.6539351691491012
BERTopic_topic_512,interactions,Core Number Only,xgboost,100.0,67.78589381166967,23040.833333333332,23040.833333333332,0.7764375330536785,0.40133174821576173,0.42973846594503096,0.31402787990847,0.6558153056799672,0.7764375330536785,0.40133174821576173,0.42973846594503096,0.31402787990847,0.6558153056799672
BERTopic_topic_512,similarity,All,logistic_regression,100.0,1991.2932453380588,23040.833333333332,23040.833333333332,0.9204776349219833,0.6265269813133543,0.698190879564453,0.5353762294939453,0.8441435049719709,0.9204776349219833,0.6265269813133543,0.698190879564453,0.5353762294939453,0.8441435049719709
BERTopic_topic_512,similarity,All,random_forest,100.0,1991.2932453380588,23040.833333333332,23040.833333333332,0.9923372007433104,0.9295200839777108,0.9700105480145513,0.8881647973099943,0.9769957389263891,0.9923372007433104,0.9295200839777108,0.9700105480145513,0.8881647973099943,0.9769957389263891
BERTopic_topic_512,similarity,All,xgboost,100.0,1991.2932453380588,23040.833333333332,23040.833333333332,0.9951813714318218,0.9395522264647354,0.9706225337606554,0.9135594649402229,0.9676147902833893,0.9951813714318218,0.9395522264647354,0.9706225337606554,0.9135594649402229,0.9676147902833893
BERTopic_topic_512,similarity,All but Betweenness and Harmonic,logistic_regression,100.0,1991.2932453380588,23040.833333333332,23040.833333333332,0.9189854780830314,0.6499552327487942,0.7089734974217139,0.564174254534847,0.8398968369733448,0.9189854780830314,0.6499552327487942,0.7089734974217139,0.564174254534847,0.8398968369733448
BERTopic_topic_512,similarity,All but Betweenness and Harmonic,random_forest,100.0,1991.2932453380588,23040.833333333332,23040.833333333332,0.9906530250961411,0.9288319653073658,0.9675008991465166,0.88917528212774,0.9739659204857899,0.9906530250961411,0.9288319653073658,0.9675008991465166,0.88917528212774,0.9739659204857899
BERTopic_topic_512,similarity,All but Betweenness and Harmonic,xgboost,100.0,1991.2932453380588,23040.833333333332,23040.833333333332,0.9947737860036239,0.9377340401510854,0.9691293744267943,0.9117394108271099,0.9658877402952472,0.9947737860036239,0.9377340401510854,0.9691293744267943,0.9117394108271099,0.9658877402952472
BERTopic_topic_512,similarity,Core Number Only,logistic_regression,100.0,1991.2932453380588,23040.833333333332,23040.833333333332,0.8190695223385015,0.5010895180546618,0.5597155470178345,0.423338257616852,0.6553194280467007,0.8190695223385015,0.5010895180546618,0.5597155470178345,0.423338257616852,0.6553194280467007
BERTopic_topic_512,similarity,Core Number Only,random_forest,100.0,1991.2932453380588,23040.833333333332,23040.833333333332,0.9300239239203658,0.7717405677688939,0.7957329041130755,0.6746914974036974,0.9413289345152543,0.9300239239203658,0.7717405677688939,0.7957329041130755,0.6746914974036974,0.9413289345152543
BERTopic_topic_512,similarity,Core Number Only,xgboost,100.0,1991.2932453380588,23040.833333333332,23040.833333333332,0.9300341347146182,0.7478630027167871,0.7712386522016605,0.6450459742903825,0.9217779864106954,0.9300341347146182,0.7478630027167871,0.7712386522016605,0.6450459742903825,0.9217779864106954
BERTopic_topic_512,similarity+interactions,All,logistic_regression,100.0,1941.0282252928785,23040.833333333332,23040.833333333332,0.920779602748631,0.6125877342446314,0.6929415182773165,0.5240210513288573,0.8076458816716995,0.920779602748631,0.6125877342446314,0.6929415182773165,0.5240210513288573,0.8076458816716995
BERTopic_topic_512,similarity+interactions,All,random_forest,100.0,1941.0282252928785,23040.833333333332,23040.833333333332,0.9924328291634651,0.9263715999679905,0.96959592747696,0.8853980221359596,0.973674108227902,0.9924328291634651,0.9263715999679905,0.96959592747696,0.8853980221359596,0.973674108227902
BERTopic_topic_512,similarity+interactions,All,xgboost,100.0,1941.0282252928785,23040.833333333332,23040.833333333332,0.9939066333091633,0.9345354079557362,0.9667169118414143,0.9110621631900635,0.9597516025373971,0.9939066333091633,0.9345354079557362,0.9667169118414143,0.9110621631900635,0.9597516025373971
BERTopic_topic_512,similarity+interactions,All but Betweenness and Harmonic,logistic_regression,100.0,1941.0282252928785,23040.833333333332,23040.833333333332,0.918419745498352,0.6435603506840615,0.7073814982150832,0.5618545182091441,0.8371161464650748,0.918419745498352,0.6435603506840615,0.7073814982150832,0.5618545182091441,0.8371161464650748
BERTopic_topic_512,similarity+interactions,All but Betweenness and Harmonic,random_forest,100.0,1941.0282252928785,23040.833333333332,23040.833333333332,0.9896499251785288,0.9259920897853747,0.9653017154252038,0.8863876671329635,0.9713562939261862,0.9896499251785288,0.9259920897853747,0.9653017154252038,0.8863876671329635,0.9713562939261862
BERTopic_topic_512,similarity+interactions,All but Betweenness and Harmonic,xgboost,100.0,1941.0282252928785,23040.833333333332,23040.833333333332,0.9934562583483242,0.9310429719767574,0.9653809963185295,0.9067643723472373,0.9571836387156255,0.9934562583483242,0.9310429719767574,0.9653809963185295,0.9067643723472373,0.9571836387156255
BERTopic_topic_512,similarity+interactions,Core Number Only,logistic_regression,100.0,1941.0282252928785,23040.833333333332,23040.833333333332,0.8188585021104989,0.4916709563431447,0.5551280944694666,0.4190819184223888,0.6383855270868034,0.8188585021104989,0.4916709563431447,0.5551280944694666,0.4190819184223888,0.6383855270868034
BERTopic_topic_512,similarity+interactions,Core Number Only,random_forest,100.0,1941.0282252928785,23040.833333333332,23040.833333333332,0.9254606783032712,0.7578390713713067,0.7865526544374184,0.6591395452631083,0.9356640212987903,0.9254606783032712,0.7578390713713067,0.7865526544374184,0.6591395452631083,0.9356640212987903
BERTopic_topic_512,similarity+interactions,Core Number Only,xgboost,100.0,1941.0282252928785,23040.833333333332,23040.833333333332,0.9272027244412118,0.7301594265390564,0.759836783985545,0.6269136313709996,0.9072161739188914,0.9272027244412118,0.7301594265390564,0.759836783985545,0.6269136313709996,0.9072161739188914
BERTopic_topic_512,similarity+text_similarity,All,logistic_regression,100.0,11436.529164167063,23040.833333333332,23040.833333333332,0.9196188158955737,0.7113762016554838,0.7623827777671965,0.6410534567641936,0.9027021451511948,0.9196188158955737,0.7113762016554838,0.7623827777671965,0.6410534567641936,0.9027021451511948
BERTopic_topic_512,similarity+text_similarity,All,random_forest,100.0,11436.529164167063,23040.833333333332,23040.833333333332,0.9942303030897154,0.9711058755369478,0.983235778436225,0.9510798024027847,0.992314212101079,0.9942303030897154,0.9711058755369478,0.983235778436225,0.9510798024027847,0.992314212101079
BERTopic_topic_512,similarity+text_similarity,All,xgboost,100.0,11436.529164167063,23040.833333333332,23040.833333333332,0.996349067249865,0.9731670676422367,0.9849373980585469,0.9576263037985493,0.9893518389749772,0.996349067249865,0.9731670676422367,0.9849373980585469,0.9576263037985493,0.9893518389749772
BERTopic_topic_512,similarity+text_similarity,All but Betweenness and Harmonic,logistic_regression,100.0,11436.529164167063,23040.833333333332,23040.833333333332,0.9567107750262701,0.8241576612855025,0.8647965012495643,0.7531140013476482,0.9195604116148776,0.9567107750262701,0.8241576612855025,0.8647965012495643,0.7531140013476482,0.9195604116148776
BERTopic_topic_512,similarity+text_similarity,All but Betweenness and Harmonic,random_forest,100.0,11436.529164167063,23040.833333333332,23040.833333333332,0.9940119613210442,0.970693404745993,0.9831660435006313,0.950861166009158,0.9916545111895211,0.9940119613210442,0.970693404745993,0.9831660435006313,0.950861166009158,0.9916545111895211
BERTopic_topic_512,similarity+text_similarity,All but Betweenness and Harmonic,xgboost,100.0,11436.529164167063,23040.833333333332,23040.833333333332,0.9959927276834284,0.9704230589117744,0.9846440272842654,0.9543204697659724,0.9872123153369108,0.9959927276834284,0.9704230589117744,0.9846440272842654,0.9543204697659724,0.9872123153369108
BERTopic_topic_512,similarity+text_similarity,Core Number Only,logistic_regression,100.0,11436.529164167063,23040.833333333332,23040.833333333332,0.8894680721204894,0.5248789056404276,0.5645865609350916,0.5152299549548688,0.5392531298097519,0.8894680721204894,0.5248789056404276,0.5645865609350916,0.5152299549548688,0.5392531298097519
BERTopic_topic_512,similarity+text_similarity,Core Number Only,random_forest,100.0,11436.529164167063,23040.833333333332,23040.833333333332,0.9405628694435082,0.6505939441201598,0.6952193890174191,0.6534440177179529,0.7529024128288815,0.9405628694435082,0.6505939441201598,0.6952193890174191,0.6534440177179529,0.7529024128288815
BERTopic_topic_512,similarity+text_similarity,Core Number Only,xgboost,100.0,11436.529164167063,23040.833333333332,23040.833333333332,0.942425433607157,0.6278120436416962,0.6757567701690221,0.627117593352088,0.7123295380986914,0.942425433607157,0.6278120436416962,0.6757567701690221,0.627117593352088,0.7123295380986914
BERTopic_topic_512,similarity+text_similarity+interactions,All,logistic_regression,100.0,11865.83357876027,23040.833333333332,23040.833333333332,0.9351328966646308,0.6891260698848068,0.7840366426515479,0.6196162865300006,0.8953735089648892,0.9351328966646308,0.6891260698848068,0.7840366426515479,0.6196162865300006,0.8953735089648892
BERTopic_topic_512,similarity+text_similarity+interactions,All,random_forest,100.0,11865.83357876027,23040.833333333332,23040.833333333332,0.9938747560989659,0.969821581820189,0.9821567657727299,0.9500095436376896,0.990858763888309,0.9938747560989659,0.969821581820189,0.9821567657727299,0.9500095436376896,0.990858763888309
BERTopic_topic_512,similarity+text_similarity+interactions,All,xgboost,100.0,11865.83357876027,23040.833333333332,23040.833333333332,0.9955909955505017,0.9716202717131107,0.9836765565435425,0.9560371326153413,0.9878460074656269,0.9955909955505017,0.9716202717131107,0.9836765565435425,0.9560371326153413,0.9878460074656269
BERTopic_topic_512,similarity+text_similarity+interactions,All but Betweenness and Harmonic,logistic_regression,100.0,11865.83357876027,23040.833333333332,23040.833333333332,0.9562858859418796,0.8175077771232933,0.8636324179811151,0.7465147626033649,0.9165631782090857,0.9562858859418796,0.8175077771232933,0.8636324179811151,0.7465147626033649,0.9165631782090857
BERTopic_topic_512,similarity+text_similarity+interactions,All but Betweenness and Harmonic,random_forest,100.0,11865.83357876027,23040.833333333332,23040.833333333332,0.9933690836356152,0.9687078879525485,0.9813579611347114,0.9483575722048658,0.9903915703956664,0.9933690836356152,0.9687078879525485,0.9813579611347114,0.9483575722048658,0.9903915703956664
BERTopic_topic_512,similarity+text_similarity+interactions,All but Betweenness and Harmonic,xgboost,100.0,11865.83357876027,23040.833333333332,23040.833333333332,0.9954071929492857,0.9687876887327533,0.9830816823720402,0.9519239708493602,0.9864797859118507,0.9954071929492857,0.9687876887327533,0.9830816823720402,0.9519239708493602,0.9864797859118507
BERTopic_topic_512,similarity+text_similarity+interactions,Core Number Only,logistic_regression,100.0,11865.83357876027,23040.833333333332,23040.833333333332,0.8893172364448167,0.5188472336220871,0.5623487426880746,0.513573228646055,0.5281881228941226,0.8893172364448167,0.5188472336220871,0.5623487426880746,0.513573228646055,0.5281881228941226
BERTopic_topic_512,similarity+text_similarity+interactions,Core Number Only,random_forest,100.0,11865.83357876027,23040.833333333332,23040.833333333332,0.9385572805831616,0.6403581698485802,0.6903238476906534,0.6443507232151776,0.7541659073098951,0.9385572805831616,0.6403581698485802,0.6903238476906534,0.6443507232151776,0.7541659073098951
BERTopic_topic_512,similarity+text_similarity+interactions,Core Number Only,xgboost,100.0,11865.83357876027,23040.833333333332,23040.833333333332,0.9415190347797523,0.6157475101882807,0.6714170341655364,0.6173016302053711,0.6955174679800974,0.9415190347797523,0.6157475101882807,0.6714170341655364,0.6173016302053711,0.6955174679800974
BERTopic_topic_512,text_similarity,All,logistic_regression,100.0,9904.51326172465,23040.833333333332,23040.833333333332,0.9337940153842516,0.7365798222857368,0.8154364374199892,0.6664047577513286,0.8965985020526163,0.9337940153842516,0.7365798222857368,0.8154364374199892,0.6664047577513286,0.8965985020526163
BERTopic_topic_512,text_similarity,All,random_forest,100.0,9904.51326172465,23040.833333333332,23040.833333333332,0.9940303628556411,0.9703461998624437,0.9832618904685244,0.9494946911631198,0.9924032473782525,0.9940303628556411,0.9703461998624437,0.9832618904685244,0.9494946911631198,0.9924032473782525
BERTopic_topic_512,text_similarity,All,xgboost,100.0,9904.51326172465,23040.833333333332,23040.833333333332,0.9961079378612957,0.9707650222724055,0.9845570745188291,0.9542289284682997,0.9880515347659352,0.9961079378612957,0.9707650222724055,0.9845570745188291,0.9542289284682997,0.9880515347659352
BERTopic_topic_512,text_similarity,All but Betweenness and Harmonic,logistic_regression,100.0,9904.51326172465,23040.833333333332,23040.833333333332,0.9565155472931384,0.8145924331019557,0.8578961767232708,0.7483025136765927,0.9043733609423174,0.9565155472931384,0.8145924331019557,0.8578961767232708,0.7483025136765927,0.9043733609423174
BERTopic_topic_512,text_similarity,All but Betweenness and Harmonic,random_forest,100.0,9904.51326172465,23040.833333333332,23040.833333333332,0.993812844288041,0.9695204335235251,0.9830250402326297,0.9494584893851415,0.9907323729633702,0.993812844288041,0.9695204335235251,0.9830250402326297,0.9494584893851415,0.9907323729633702
BERTopic_topic_512,text_similarity,All but Betweenness and Harmonic,xgboost,100.0,9904.51326172465,23040.833333333332,23040.833333333332,0.9957591868114237,0.9697557962609062,0.9842239679714354,0.9536429026937355,0.9865984927759293,0.9957591868114237,0.9697557962609062,0.9842239679714354,0.9536429026937355,0.9865984927759293
BERTopic_topic_512,text_similarity,Core Number Only,logistic_regression,100.0,9904.51326172465,23040.833333333332,23040.833333333332,0.8898517771475253,0.5250386365912475,0.5645416537287539,0.5153311797751947,0.5394484117212509,0.8898517771475253,0.5250386365912475,0.5645416537287539,0.5153311797751947,0.5394484117212509
BERTopic_topic_512,text_similarity,Core Number Only,random_forest,100.0,9904.51326172465,23040.833333333332,23040.833333333332,0.9387631217975924,0.6512181256558658,0.6936433446567113,0.6543828196660829,0.7594836289085,0.9387631217975924,0.6512181256558658,0.6936433446567113,0.6543828196660829,0.7594836289085
BERTopic_topic_512,text_similarity,Core Number Only,xgboost,100.0,9904.51326172465,23040.833333333332,23040.833333333332,0.9418618353349116,0.6277520569340781,0.6726567800232733,0.6299026507973827,0.6819857191368125,0.9418618353349116,0.6277520569340781,0.6726567800232733,0.6299026507973827,0.6819857191368125
BERTopic_topic_512,text_similarity+interactions,All,logistic_regression,100.0,10470.23858048174,23040.833333333332,23040.833333333332,0.9305461408879184,0.6789277883978492,0.7593637823090217,0.595098236145213,0.880706000159435,0.9305461408879184,0.6789277883978492,0.7593637823090217,0.595098236145213,0.880706000159435
BERTopic_topic_512,text_similarity+interactions,All,random_forest,100.0,10470.23858048174,23040.833333333332,23040.833333333332,0.9930254535379527,0.9681740272230419,0.9814352982686855,0.9481863388108001,0.98932393248925,0.9930254535379527,0.9681740272230419,0.9814352982686855,0.9481863388108001,0.98932393248925
BERTopic_topic_512,text_similarity+interactions,All,xgboost,100.0,10470.23858048174,23040.833333333332,23040.833333333332,0.9958788893637317,0.970147886353837,0.983866460448958,0.9541097325164399,0.9868445757760873,0.9958788893637317,0.970147886353837,0.983866460448958,0.9541097325164399,0.9868445757760873
BERTopic_topic_512,text_similarity+interactions,All but Betweenness and Harmonic,logistic_regression,100.0,10470.23858048174,23040.833333333332,23040.833333333332,0.9553672725688284,0.8174078512900415,0.8585684461450227,0.7484096534807497,0.9155894261697752,0.9553672725688284,0.8174078512900415,0.8585684461450227,0.7484096534807497,0.9155894261697752
BERTopic_topic_512,text_similarity+interactions,All but Betweenness and Harmonic,random_forest,100.0,10470.23858048174,23040.833333333332,23040.833333333332,0.9931442586682745,0.9671719261355841,0.9814092411692091,0.9464757779516191,0.989103506227039,0.9931442586682745,0.9671719261355841,0.9814092411692091,0.9464757779516191,0.989103506227039
BERTopic_topic_512,text_similarity+interactions,All but Betweenness and Harmonic,xgboost,100.0,10470.23858048174,23040.833333333332,23040.833333333332,0.9951795482564402,0.968581956938129,0.9827830047639985,0.9523229940819745,0.9855246919170333,0.9951795482564402,0.968581956938129,0.9827830047639985,0.9523229940819745,0.9855246919170333
BERTopic_topic_512,text_similarity+interactions,Core Number Only,logistic_regression,100.0,10470.23858048174,23040.833333333332,23040.833333333332,0.8896764703360981,0.5188229716162261,0.5623755332854335,0.5133431082046181,0.5283604006332399,0.8896764703360981,0.5188229716162261,0.5623755332854335,0.5133431082046181,0.5283604006332399
BERTopic_topic_512,text_similarity+interactions,Core Number Only,random_forest,100.0,10470.23858048174,23040.833333333332,23040.833333333332,0.9364580021427537,0.6404909005801201,0.687305375156699,0.6436694947908116,0.7525996821948017,0.9364580021427537,0.6404909005801201,0.687305375156699,0.6436694947908116,0.7525996821948017
BERTopic_topic_512,text_similarity+interactions,Core Number Only,xgboost,100.0,10470.23858048174,23040.833333333332,23040.833333333332,0.9413217835996451,0.6163379485777009,0.669872544555663,0.6184724367605132,0.6717045020236428,0.9413217835996451,0.6163379485777009,0.669872544555663,0.6184724367605132,0.6717045020236428
