word,count
s,635
trump,412
world,231
ban,190
refugees,182
life,181
muslim,160
u,158
muslims,157
airports,139
detained,138
new,136
obama,134
now,133
iraqi,132
march,130
wants,128
left,127
banned,127
silent,127
canada,125
liberals,123
months,122
accept,122
leaning,122
unverified,121
today,117
killed,115
syrian,114
talking,113
ago,111
weeks,111
york,109
bill,108
loss,108
called,108
john,108
presidential,108
tolliver,107
boat,107
vincent,107
kaine,107
lost,107
man,107
tweeted,107
dnc,107
candidate,107
lewis,107
running,107
blames,107
