accountid,post_time,hashtags,translated_post,shared_hashtags_in_window,window_start,window_end
19340a41b0156a2efdf6a18f795e9c61ed740197f8,2017-02-26 00:56:45,['turkey'],"turkish prime minister makes ""grey wolf"" hand gesture parliament. minorities turkey, similar nazi greeting <url>",['#turkey'],2017-02-26,2017-02-27
19340a41b0156a2efdf6a18f795e9c61ed740197f8,2017-02-26 03:29:39,"['arménie', 'artsakh', 'azerbaïdjan', 'karabakh', 'mma']","moscow mma, armenian statesman vartan asatryan simposes k.o. face azerbaijan waves flag artsakh karabakh 💪🏼 <url>","['#artsakh', '#karabakh']",2017-02-26,2017-02-27
265ab20ad32df941c0c21303a7eed29e49f6125e2d,2017-02-26 04:40:34,"['aprilwar', 'artsakh', 'azerbaijan']",artsakh mod: azerbaijan attacked 2 directions night. impunity 4 april atrocities war allows try again.,"['#artsakh', '#azerbaijan']",2017-02-26,2017-02-27
d341fa5879a391a2962936bb3b1ed7b0ec7b3124b5,2017-02-26 04:51:30,[],"sanders trolls trump claiming rallies ""the biggest""",[],2017-02-26,2017-02-27
28addfac258efda9f0acad5054e59eee2041ea30fe,2017-02-26 05:33:24,"['deancain', 'superman']","wow, batman superman side now!",[],2017-02-26,2017-02-27
28addfac258efda9f0acad5054e59eee2041ea30fe,2017-02-26 05:41:12,['justiceforkhojaly'],"today marks 25th anniversary human tragedy, innocent murdered 4 sake power &amp; propaganda <url> justice khojaly",['#justiceforkhojaly'],2017-02-26,2017-02-27
28addfac258efda9f0acad5054e59eee2041ea30fe,2017-02-26 05:44:32,"['justiceforkhojaly25', 'khojaly']",khojaly: propaganda tragedy tells whole truth events happened 25 years ago.,"['#justiceforkhojaly25', '#khojaly']",2017-02-26,2017-02-27
28addfac258efda9f0acad5054e59eee2041ea30fe,2017-02-26 05:45:23,['armeniangenocide'],"user, historian israeli-palestinian conflict, professor benny morris discusses genocide weaponry",['#armeniangenocide'],2017-02-26,2017-02-27
28addfac258efda9f0acad5054e59eee2041ea30fe,2017-02-26 05:54:34,"['justiceforkhojaly25', 'khojaly']",khojaly: propaganda tragedy tells whole truth events happened 25 years ago.,"['#justiceforkhojaly25', '#khojaly']",2017-02-26,2017-02-27
765b88196a2911c2cef053b39bb275d46ba68924a8,2017-02-26 05:59:00,"['haqqin', 'haqqinaz']",armenia carrying intensive shelling azerbaijani positions mortars cannons <url> haqqin haqqinaz <url>,['#haqqin'],2017-02-26,2017-02-27
765b88196a2911c2cef053b39bb275d46ba68924a8,2017-02-26 05:59:00,"['haqqin', 'haqqinaz']",old burned alive saloon,['#haqqin'],2017-02-26,2017-02-27
28addfac258efda9f0acad5054e59eee2041ea30fe,2017-02-26 06:00:46,"['armenia', 'armeniangenocide', 'memorial']",guessed armenia right!,"['#armenia', '#armeniangenocide']",2017-02-26,2017-02-27
28addfac258efda9f0acad5054e59eee2041ea30fe,2017-02-26 06:01:03,['азербайджана'],"azerbaijan's nf battalions seeking free khojalyans, blood way overthrow mutalib.",['#азербайджана'],2017-02-26,2017-02-27
28addfac258efda9f0acad5054e59eee2041ea30fe,2017-02-26 06:04:42,[],"torture, execution mutilation armenians (and least yazidi) azerbaijani attackers april equivalent genocide context.",[],2017-02-26,2017-02-27
765b88196a2911c2cef053b39bb275d46ba68924a8,2017-02-26 06:31:00,"['haqqin', 'haqqinaz']",leader kyrgyz opposition arrested bishkek,['#haqqin'],2017-02-26,2017-02-27
765b88196a2911c2cef053b39bb275d46ba68924a8,2017-02-26 06:31:00,"['haqqin', 'haqqinaz']",aliyeva way khoshali,['#haqqin'],2017-02-26,2017-02-27
52164b33f5b2e71309edf304d42dfff913f160d1cf,2017-02-26 06:35:41,"['arstakh', 'azerbaijan', 'talish']","last night azerbaijan bombed positions arstakh army town talish nearby heavy artillery, reports <user> <url>","['#arstakh', '#azerbaijan', '#talish']",2017-02-26,2017-02-27
52164b33f5b2e71309edf304d42dfff913f160d1cf,2017-02-26 06:36:42,[],"torture, execution mutilation armenians (and least yazidi) azerbaijani attackers april equivalent genocide context.",[],2017-02-26,2017-02-27
52164b33f5b2e71309edf304d42dfff913f160d1cf,2017-02-26 06:46:15,"['aghdam', 'azerbaijan', 'justiceforkhojaly']",leadership yet answered questions raised azerbaijanis tragedy 25 years near aghdam.,"['#aghdam', '#azerbaijan', '#justiceforkhojaly']",2017-02-26,2017-02-27
765b88196a2911c2cef053b39bb275d46ba68924a8,2017-02-26 07:06:00,"['haqqin', 'haqqinaz']",car entered crowd new orleans: dozens wounded,['#haqqin'],2017-02-26,2017-02-27
b1a8ad91feb7e5421d08a384a75fb83808d6256f44,2017-02-26 08:06:31,"['arstakh', 'azerbaijan', 'talish']","last night azerbaijan bombed positions arstakh army town talish nearby heavy artillery, reports <user> <url>","['#arstakh', '#azerbaijan', '#talish']",2017-02-26,2017-02-27
765b88196a2911c2cef053b39bb275d46ba68924a8,2017-02-26 08:11:00,"['haqqin', 'haqqinaz']",azerbaijani media: yerevan disrupting peace talks <url> haqqin haqqinaz <url>,['#haqqin'],2017-02-26,2017-02-27
765b88196a2911c2cef053b39bb275d46ba68924a8,2017-02-26 08:11:00,"['haqqin', 'haqqinaz']",earthquake turkey haqqin haqinaz,['#haqqin'],2017-02-26,2017-02-27
765b88196a2911c2cef053b39bb275d46ba68924a8,2017-02-26 08:11:00,"['haqqin', 'haqqinaz']",united states may withdraw human rights council.,['#haqqin'],2017-02-26,2017-02-27
1c8ff9fc8d297dcb415c66d8d4ff17e4b81f647a66,2017-02-26 08:14:44,"['aghdam', 'azerbaijan', 'justiceforkhojaly', 'khojalymassacre', 'nkpeace']",10 azerbaijani soldiers aghdam walking around victims khojaly massacre.,"['#aghdam', '#azerbaijan', '#justiceforkhojaly', '#khojalymassacre', '#nkpeace']",2017-02-26,2017-02-27
765b88196a2911c2cef053b39bb275d46ba68924a8,2017-02-26 08:44:00,"['haqqin', 'haqqinaz']","sweden, refugee shelter burned down: dozens victims",['#haqqin'],2017-02-26,2017-02-27
765b88196a2911c2cef053b39bb275d46ba68924a8,2017-02-26 08:44:00,"['haqqin', 'haqqinaz']","iran started naval exercises ""velayat-95"" <url> haqqin haqqinaz <url>",['#haqqin'],2017-02-26,2017-02-27
53352efdd3e6da8ca3e763cf26759234490d954704,2017-02-26 09:13:17,"['arstakh', 'azerbaijan', 'talish']","last night azerbaijan bombed positions arstakh army town talish nearby heavy artillery, reports <user> <url>","['#arstakh', '#azerbaijan', '#talish']",2017-02-26,2017-02-27
765b88196a2911c2cef053b39bb275d46ba68924a8,2017-02-26 09:19:00,"['haqqin', 'haqqinaz']",erdoğan's chief adviser: occupation karabakh problem entire islamic world,['#haqqin'],2017-02-26,2017-02-27
765b88196a2911c2cef053b39bb275d46ba68924a8,2017-02-26 09:19:00,"['haqqin', 'haqqinaz']",shooting israeli shopping center: azerbaijani citizen wounded <url> haqqin haqqinaz <url>,['#haqqin'],2017-02-26,2017-02-27
765b88196a2911c2cef053b39bb275d46ba68924a8,2017-02-26 09:19:00,"['haqqin', 'haqqinaz']",getting cold tank tomorrow.,['#haqqin'],2017-02-26,2017-02-27
53352efdd3e6da8ca3e763cf26759234490d954704,2017-02-26 09:19:41,"['artsakh', 'azerbaijan', 'karabakh', 'talish']","evening azerbaijan fired positions artsakh / karabakh talish village w/ d-30 &amp; d-44 artillery, mortars, grenade launchers 2200 times","['#artsakh', '#azerbaijan', '#karabakh', '#talish']",2017-02-26,2017-02-27
53352efdd3e6da8ca3e763cf26759234490d954704,2017-02-26 09:19:45,"['azerbaijani', 'kkpeace', 'talish']",azerbaijani army fired 18 cannon shells village talish kkpeace <user> <user> <user> <user> <url> <url>,"['#azerbaijani', '#kkpeace', '#talish']",2017-02-26,2017-02-27
53352efdd3e6da8ca3e763cf26759234490d954704,2017-02-26 09:19:47,['азербайджана'],azerbaijanis continue use guns mortars lines <user> <user> <user> <user> <url> <url>,['#азербайджана'],2017-02-26,2017-02-27
52164b33f5b2e71309edf304d42dfff913f160d1cf,2017-02-26 09:19:49,"['azerbaijani', 'kkpeace', 'talish']",azerbaijani army fired 18 cannon shells village talish kkpeace <user> <user> <user> <user> <url> <url>,"['#azerbaijani', '#kkpeace', '#talish']",2017-02-26,2017-02-27
23ce979e1a886d7c1749eca21d592d6f6045a97249,2017-02-26 09:28:02,"['artsakh', 'azerbaijan', 'karabakh', 'talish']","evening azerbaijan fired positions artsakh/karabakh town talish artillery, mortars, grenade launchers 2200 times.","['#artsakh', '#azerbaijan', '#karabakh', '#talish']",2017-02-26,2017-02-27
52164b33f5b2e71309edf304d42dfff913f160d1cf,2017-02-26 09:47:28,"['artsakhrepublic', 'artsakhstrong', 'ivanyan', 'khojaly']","ivanyan (khojaly) 25 years: life thrives village artsakhrepublic, already enjoys new kindergarten. artsakhstrong <url>",['#khojaly'],2017-02-26,2017-02-27
765b88196a2911c2cef053b39bb275d46ba68924a8,2017-02-26 09:51:00,"['haqqin', 'haqqinaz']",azerbaijani prize winner euro games changed citizenship,['#haqqin'],2017-02-26,2017-02-27
765b88196a2911c2cef053b39bb275d46ba68924a8,2017-02-26 09:51:00,"['haqqin', 'haqqinaz']",azerbaijan declared world's leading arms buyer <url> haqqin haqqinaz <url>,['#haqqin'],2017-02-26,2017-02-27
765b88196a2911c2cef053b39bb275d46ba68924a8,2017-02-26 10:23:00,"['haqqin', 'haqqinaz']",arthur racizada 82 years old,['#haqqin'],2017-02-26,2017-02-27
765b88196a2911c2cef053b39bb275d46ba68924a8,2017-02-26 10:23:00,"['haqqin', 'haqqinaz']",albert акопян: о ходжалы written armenian intellectual <url> haqqin haqqinaz <url>,['#haqqin'],2017-02-26,2017-02-27
53352efdd3e6da8ca3e763cf26759234490d954704,2017-02-26 10:36:09,"['armenia', 'armenians', 'azerbaijan', 'genocides', 'turkey']","80 million turkey, 9.5 azerbaijan, 3 armenia. armenians victims perpetrators genocide?! <url>","['#armenia', '#azerbaijan', '#turkey']",2017-02-26,2017-02-27
53352efdd3e6da8ca3e763cf26759234490d954704,2017-02-26 10:37:51,['armenia'],take innovations guide journey discover hidden potential armenians: <url>,['#armenia'],2017-02-26,2017-02-27
53352efdd3e6da8ca3e763cf26759234490d954704,2017-02-26 10:48:08,"['azerbaijan', 'genocide', 'jfk', 'khojaly']","last phase ""genocide"" denial. word 4 fabricated accusations genocide. khojaly long azerbaijani history.","['#azerbaijan', '#khojaly']",2017-02-26,2017-02-27
765b88196a2911c2cef053b39bb275d46ba68924a8,2017-02-26 10:57:00,"['haqqin', 'haqqinaz']",ilham aliyev called erdoğan haqqin haqinaz,['#haqqin'],2017-02-26,2017-02-27
53352efdd3e6da8ca3e763cf26759234490d954704,2017-02-26 11:01:29,"['azerbaijan', 'justiceforkhojaly']",falsification history big lies always favourite tools dictatorships.,"['#azerbaijan', '#justiceforkhojaly']",2017-02-26,2017-02-27
53352efdd3e6da8ca3e763cf26759234490d954704,2017-02-26 11:24:41,[],v moving piece user professional relations.,[],2017-02-26,2017-02-27
765b88196a2911c2cef053b39bb275d46ba68924a8,2017-02-26 11:30:00,"['haqqin', 'haqqinaz']",rohani running second term,['#haqqin'],2017-02-26,2017-02-27
765b88196a2911c2cef053b39bb275d46ba68924a8,2017-02-26 11:30:00,"['haqqin', 'haqqinaz']",ahmadinejad wrote letter trump,['#haqqin'],2017-02-26,2017-02-27
28addfac258efda9f0acad5054e59eee2041ea30fe,2017-02-26 11:57:53,"['azerbaijan', 'justiceforkhojaly']",falsification history big lies always favourite tools dictatorships.,"['#azerbaijan', '#justiceforkhojaly']",2017-02-26,2017-02-27
28addfac258efda9f0acad5054e59eee2041ea30fe,2017-02-26 11:58:41,"['armenia', 'chess']",".<user> supports armenia ladder heaven, chess national pastime, intelligence - top export <url> <url>","['#armenia', '#chess']",2017-02-26,2017-02-27
765b88196a2911c2cef053b39bb275d46ba68924a8,2017-02-26 12:04:00,"['haqqin', 'haqqinaz']",london pedestrian assault: wounded,['#haqqin'],2017-02-26,2017-02-27
765b88196a2911c2cef053b39bb275d46ba68924a8,2017-02-26 12:04:00,"['haqqin', 'haqqinaz']","azerbaijan purchased ships, anti-aircraft guns, radars israel...",['#haqqin'],2017-02-26,2017-02-27
765b88196a2911c2cef053b39bb275d46ba68924a8,2017-02-26 12:37:00,"['haqqin', 'haqqinaz']",poet anastasia dmitruk genocide khojals,['#haqqin'],2017-02-26,2017-02-27
765b88196a2911c2cef053b39bb275d46ba68924a8,2017-02-26 12:37:00,"['haqqin', 'haqqinaz']",march opposition moscow <url> haqqin haqqinaz <url>,['#haqqin'],2017-02-26,2017-02-27
53352efdd3e6da8ca3e763cf26759234490d954704,2017-02-26 12:57:12,['azerbaijan'],"rsf <user> says azerbaijan journalists subject 2 defamation, harassment, prosecution, assault. <url>",['#azerbaijan'],2017-02-26,2017-02-27
765b88196a2911c2cef053b39bb275d46ba68924a8,2017-02-26 13:10:00,"['haqqin', 'haqqinaz']",azerbaijani hackers smashed armenian propaganda site haqqin haqqinaz,['#haqqin'],2017-02-26,2017-02-27
765b88196a2911c2cef053b39bb275d46ba68924a8,2017-02-26 13:10:00,"['haqqin', 'haqqinaz']",nikoil's team paid tribute victims genocide khojaly.,['#haqqin'],2017-02-26,2017-02-27
765b88196a2911c2cef053b39bb275d46ba68924a8,2017-02-26 13:10:00,"['haqqin', 'haqqinaz']",l.galustyan: karabakh renamed arcs due success club karabakh <url> haqqin haqqinaz <url>,['#haqqin'],2017-02-26,2017-02-27
765b88196a2911c2cef053b39bb275d46ba68924a8,2017-02-26 13:10:00,"['haqqin', 'haqqinaz']",screen mistakenly dubbed haqqin haqinaz <url> tv azerbaijan,['#haqqin'],2017-02-26,2017-02-27
765b88196a2911c2cef053b39bb275d46ba68924a8,2017-02-26 13:44:00,"['haqqin', 'haqqinaz']",mugabe spent two million euros celebrate 93rd birthday,['#haqqin'],2017-02-26,2017-02-27
765b88196a2911c2cef053b39bb275d46ba68924a8,2017-02-26 13:44:00,"['haqqin', 'haqqinaz']",ara pappan: armenia clearly understands war end change flag stepanakert <url> haqqin haqqinaz <url>,['#haqqin'],2017-02-26,2017-02-27
53352efdd3e6da8ca3e763cf26759234490d954704,2017-02-26 14:01:40,"['armenia', 'khojalygenocide', 'lithuania']",ask friends lithuania 2 vigilant re-invented khojalygenocide.,"['#armenia', '#khojalygenocide', '#lithuania']",2017-02-26,2017-02-27
d341fa5879a391a2962936bb3b1ed7b0ec7b3124b5,2017-02-26 14:06:28,[],thank same. excited movie. please tell ever help collective cause.,[],2017-02-26,2017-02-27
d341fa5879a391a2962936bb3b1ed7b0ec7b3124b5,2017-02-26 14:07:11,[],congratulations <user> - help ensure party continues fight economic equity everyone treated dignity.,[],2017-02-26,2017-02-27
d341fa5879a391a2962936bb3b1ed7b0ec7b3124b5,2017-02-26 14:07:20,[],every year saddest part schedule watching sensitive azerbaijanis publish propaganda engage hate channels .,[],2017-02-26,2017-02-27
d341fa5879a391a2962936bb3b1ed7b0ec7b3124b5,2017-02-26 14:07:44,[],<user> wishing earthquake neighbouring country,[],2017-02-26,2017-02-27
d341fa5879a391a2962936bb3b1ed7b0ec7b3124b5,2017-02-26 14:09:29,['azerbaijan'],"azerbaijan intensified situation, bombing superior artillery, since may 2016 first time uses 122mm d-30, 85mm d-44. <url>",['#azerbaijan'],2017-02-26,2017-02-27
d341fa5879a391a2962936bb3b1ed7b0ec7b3124b5,2017-02-26 14:10:35,[],"armenian, azerbaijani trade accusations fight karabakh <url>",[],2017-02-26,2017-02-27
d341fa5879a391a2962936bb3b1ed7b0ec7b3124b5,2017-02-26 14:11:11,[],"<user> comments section however, questioning....",[],2017-02-26,2017-02-27
765b88196a2911c2cef053b39bb275d46ba68924a8,2017-02-26 14:17:00,"['haqqin', 'haqqinaz']",roof flew heads bakkans,['#haqqin'],2017-02-26,2017-02-27
765b88196a2911c2cef053b39bb275d46ba68924a8,2017-02-26 14:50:00,"['haqqin', 'haqqinaz']",two taliban commanders killed afghanistan,['#haqqin'],2017-02-26,2017-02-27
765b88196a2911c2cef053b39bb275d46ba68924a8,2017-02-26 14:50:00,"['haqqin', 'haqqinaz']",bodies soldiers neutral zone karabakh,['#haqqin'],2017-02-26,2017-02-27
7365c273708c9b1646f120d9a84326911faa8fbba6,2017-02-26 14:58:58,['armenia'],week armenian government adopted decision support 8 investment projects create 350 new armenian jobs,['#armenia'],2017-02-26,2017-02-27
765b88196a2911c2cef053b39bb275d46ba68924a8,2017-02-26 15:23:00,"['haqqin', 'haqqinaz']",aeroflot aircraft returned airport departure urgently,['#haqqin'],2017-02-26,2017-02-27
765b88196a2911c2cef053b39bb275d46ba68924a8,2017-02-26 15:23:00,"['haqqin', 'haqqinaz']",abstract: azerbaijan armenia acquired heavy equipment advanced <url> haqqin haqqinaz <url>,['#haqqin'],2017-02-26,2017-02-27
765b88196a2911c2cef053b39bb275d46ba68924a8,2017-02-26 15:23:00,"['haqqin', 'haqqinaz']",ilham aliyev arrived qatar,['#haqqin'],2017-02-26,2017-02-27
28addfac258efda9f0acad5054e59eee2041ea30fe,2017-02-26 15:39:14,"['armenia', 'barekendan', 'greatlent']","day armenian apostolic church celebrates bun barekendan, ancient armenian national festival, marking beginning great feast.","['#armenia', '#barekendan', '#greatlent']",2017-02-26,2017-02-27
28addfac258efda9f0acad5054e59eee2041ea30fe,2017-02-26 15:39:28,"['armenia', 'khojalygenocide', 'lithuania']",ask friends lithuania 2 vigilant re-invented khojalygenocide.,"['#armenia', '#khojalygenocide', '#lithuania']",2017-02-26,2017-02-27
28addfac258efda9f0acad5054e59eee2041ea30fe,2017-02-26 15:40:29,"['azerbaijan', 'justiceforkhojaly25', 'khojaly', 'nkpeace']","1994, parliament azerbaijan adopted resolution memory 335 (!) victims khojaly.","['#azerbaijan', '#justiceforkhojaly25', '#khojaly', '#nkpeace']",2017-02-26,2017-02-27
28addfac258efda9f0acad5054e59eee2041ea30fe,2017-02-26 15:40:58,[],azerbaijani authorities continue pursue independent journalists - ifex <url>,[],2017-02-26,2017-02-27
28addfac258efda9f0acad5054e59eee2041ea30fe,2017-02-26 15:42:29,"['aghdam', 'armenia', 'azerbaijan', 'justiceforkhojaly25', 'nkpeace']","killed 10 km khojaly, near azerbaijani positions aghdam, without access armenia","['#aghdam', '#armenia', '#azerbaijan', '#justiceforkhojaly25', '#nkpeace']",2017-02-26,2017-02-27
b1a8ad91feb7e5421d08a384a75fb83808d6256f44,2017-02-26 15:47:42,"['azerbaijan', 'justiceforkhojaly25', 'khojaly', 'nkpeace']","1994, parliament azerbaijan adopted resolution memory 335 (!) victims khojaly.","['#azerbaijan', '#justiceforkhojaly25', '#khojaly', '#nkpeace']",2017-02-26,2017-02-27
28addfac258efda9f0acad5054e59eee2041ea30fe,2017-02-26 15:52:14,"['armenia', 'azerbaijan']",declaration co-chairs minsk group 9b891c739ad00aa758b8b7a14f03fd0ae0d0e490dd armenia azerbaijan,"['#armenia', '#azerbaijan']",2017-02-26,2017-02-27
765b88196a2911c2cef053b39bb275d46ba68924a8,2017-02-26 15:57:00,"['haqqin', 'haqqinaz']",ministry defense armenia report soldiers killed karabakh <url> haqqin haqqinaz <url>,['#haqqin'],2017-02-26,2017-02-27
765b88196a2911c2cef053b39bb275d46ba68924a8,2017-02-26 15:57:00,"['haqqin', 'haqqinaz']",azerbaijani defence ministry comment statement haqqin haqqinaz <url>,['#haqqin'],2017-02-26,2017-02-27
19340a41b0156a2efdf6a18f795e9c61ed740197f8,2017-02-26 16:12:05,[],"torture, execution mutilation armenians (and least yazidi) azerbaijani attackers april equivalent genocide context.",[],2017-02-26,2017-02-27
b1a8ad91feb7e5421d08a384a75fb83808d6256f44,2017-02-26 16:21:18,"['azerbaijan', 'haqqin', 'karabakhnow', 'minskgroup', 'nkpeace']","azerbaijani lie haqqin outlet: minskgroup claim says victims sides, mention sides nkpeace karabakhnow <url>","['#azerbaijan', '#haqqin', '#karabakhnow', '#minskgroup', '#nkpeace']",2017-02-26,2017-02-27
765b88196a2911c2cef053b39bb275d46ba68924a8,2017-02-26 16:31:00,"['haqqin', 'haqqinaz']",netherlands may leave eurozone,['#haqqin'],2017-02-26,2017-02-27
765b88196a2911c2cef053b39bb275d46ba68924a8,2017-02-26 16:31:00,"['haqqin', 'haqqinaz']",putin nazarbayev spoke informal setting,['#haqqin'],2017-02-26,2017-02-27
765b88196a2911c2cef053b39bb275d46ba68924a8,2017-02-26 16:31:00,"['haqqin', 'haqqinaz']",president moldova advised us romanian ambassadors interfere affairs,['#haqqin'],2017-02-26,2017-02-27
28addfac258efda9f0acad5054e59eee2041ea30fe,2017-02-26 17:35:15,"['azerbaijan', 'haqqin', 'karabakhnow', 'minskgroup', 'nkpeace']","azerbaijani lie haqqin outlet: minskgroup claim says victims sides, mention sides nkpeace karabakhnow <url>","['#azerbaijan', '#haqqin', '#karabakhnow', '#minskgroup', '#nkpeace']",2017-02-26,2017-02-27
765b88196a2911c2cef053b39bb275d46ba68924a8,2017-02-26 17:40:00,"['haqqin', 'haqqinaz']",armenia make concessions <url> haqqin haqqinaz <url>,['#haqqin'],2017-02-26,2017-02-27
765b88196a2911c2cef053b39bb275d46ba68924a8,2017-02-26 17:40:00,"['haqqin', 'haqqinaz']","uk, actor ""game thrones"" died.",['#haqqin'],2017-02-26,2017-02-27
765b88196a2911c2cef053b39bb275d46ba68924a8,2017-02-26 18:13:00,"['haqqin', 'haqqinaz']",german tanks moved russia's borders.,['#haqqin'],2017-02-26,2017-02-27
765b88196a2911c2cef053b39bb275d46ba68924a8,2017-02-26 18:13:00,"['haqqin', 'haqqinaz']",nokia introduced cult mobile phone 3310 haqqin haqqinaz <url>,['#haqqin'],2017-02-26,2017-02-27
d341fa5879a391a2962936bb3b1ed7b0ec7b3124b5,2017-02-26 18:27:24,[],"proud, kirk proud..you'll finally give armenians around voice🙏🏻",[],2017-02-26,2017-02-27
d341fa5879a391a2962936bb3b1ed7b0ec7b3124b5,2017-02-26 18:33:48,['thepromise'],best way honor forgotten victims promise.,[],2017-02-26,2017-02-27
b1a8ad91feb7e5421d08a384a75fb83808d6256f44,2017-02-26 18:45:48,"['azerbaijan', 'karabakh', 'nkpeace']","1st 5 (or 7) azerbaijani troops killed failed attack karabakh: aqshin abdullayev, major. <url> nkpeace <url>","['#azerbaijan', '#karabakh', '#nkpeace']",2017-02-26,2017-02-27
b1a8ad91feb7e5421d08a384a75fb83808d6256f44,2017-02-26 18:46:25,"['azerbaijan', 'karabakh', 'nkpeace']",revealed identity 2nd 5 (or 7) azerbaijani soldiers killed failed attack karabakh: tural həşimli <url> nkpeace <url>,"['#azerbaijan', '#karabakh', '#nkpeace']",2017-02-26,2017-02-27
765b88196a2911c2cef053b39bb275d46ba68924a8,2017-02-26 18:47:00,"['haqqin', 'haqqinaz']",football player national team azerbaijan made debut slovak club <url> haqqin haqqinaz <url>,['#haqqin'],2017-02-26,2017-02-27
53352efdd3e6da8ca3e763cf26759234490d954704,2017-02-26 19:06:28,"['armenia', 'barekendan', 'greatlent']","day armenian apostolic church celebrates bun barekendan, ancient armenian national festival, marking beginning great feast.","['#armenia', '#barekendan', '#greatlent']",2017-02-26,2017-02-27
53352efdd3e6da8ca3e763cf26759234490d954704,2017-02-26 19:11:09,"['aghdam', 'azerbaijan', 'justiceforkhojaly', 'khojalymassacre', 'nkpeace']",10 azerbaijani soldiers aghdam walking around victims khojaly massacre.,"['#aghdam', '#azerbaijan', '#justiceforkhojaly', '#khojalymassacre', '#nkpeace']",2017-02-26,2017-02-27
53352efdd3e6da8ca3e763cf26759234490d954704,2017-02-26 19:11:26,"['azerbaijan', 'canada', 'khojaly']",azerbaijani embassy canada shared almost text so-called khojaly events past 13 years.,"['#azerbaijan', '#canada', '#khojaly']",2017-02-26,2017-02-27
52164b33f5b2e71309edf304d42dfff913f160d1cf,2017-02-26 19:12:53,['justiceforkhojaly'],today day remembrance victims happened: truth silenced responsible unpunished justice khojaly <url>,['#justiceforkhojaly'],2017-02-26,2017-02-27
53352efdd3e6da8ca3e763cf26759234490d954704,2017-02-26 19:13:37,['justiceforkhojaly'],today day remembrance victims happened: truth silenced responsible unpunished justice khojaly <url>,['#justiceforkhojaly'],2017-02-26,2017-02-27
765b88196a2911c2cef053b39bb275d46ba68924a8,2017-02-26 19:20:00,"['haqqin', 'haqqinaz']","""if azerbaijan started, i.aliyev gone qatar""",['#haqqin'],2017-02-26,2017-02-27
765b88196a2911c2cef053b39bb275d46ba68924a8,2017-02-26 19:20:00,"['haqqin', 'haqqinaz']",phones white house staff checked leaks.,['#haqqin'],2017-02-26,2017-02-27
53352efdd3e6da8ca3e763cf26759234490d954704,2017-02-26 19:20:19,['armenian'],<user> <user> <user> <user> <user> <user> <user> <user> <user> <user> <user> <user> <user> <user> <user> <user> <user> <user> <user> <user> <user> <user> <user> <user> <user> <user> <user> <user> <user> <user> <user> <user> <user> <user> <user> <user> <user> <user> <user> <user> <user> <user> <user> <user> <user> <user> <user> <user,['#armenian'],2017-02-26,2017-02-27
7365c273708c9b1646f120d9a84326911faa8fbba6,2017-02-26 19:49:18,"['azerbaijan', 'chingizmustafayev', 'haqqin', 'justiceforkhojaly25', 'khojaly', 'nkpeace']",editor-in-chief haqqin confirms azerbaijan's involvement khojaly massacre. agrees w/ chingizmustafayev nkpeace justice khojaly25 <url>,"['#azerbaijan', '#chingizmustafayev', '#haqqin', '#justiceforkhojaly25', '#khojaly', '#nkpeace']",2017-02-26,2017-02-27
53352efdd3e6da8ca3e763cf26759234490d954704,2017-02-26 19:51:56,"['azerbaijan', 'fail', 'karabakhnow', 'nkpeace']",exactly happened lately: azerbaijan plans provide victory propaganda &amp; epic failure nkpeace karabakhnow <url>,"['#azerbaijan', '#fail', '#karabakhnow', '#nkpeace']",2017-02-26,2017-02-27
53352efdd3e6da8ca3e763cf26759234490d954704,2017-02-26 19:52:19,"['azerbaijan', 'chingizmustafayev', 'haqqin', 'justiceforkhojaly25', 'khojaly', 'nkpeace']",editor-in-chief haqqin confirms azerbaijan's involvement khojaly massacre. agrees w/ chingizmustafayev nkpeace justice khojaly25 <url>,"['#azerbaijan', '#chingizmustafayev', '#haqqin', '#justiceforkhojaly25', '#khojaly', '#nkpeace']",2017-02-26,2017-02-27
53352efdd3e6da8ca3e763cf26759234490d954704,2017-02-26 19:52:31,"['azerbaijan', 'khojaly']",editor haqqin news site eynlla fatullayev different opinion khojaly massacre imprisoned azerbaijan views <url>,"['#azerbaijan', '#khojaly']",2017-02-26,2017-02-27
765b88196a2911c2cef053b39bb275d46ba68924a8,2017-02-26 19:54:00,"['haqqin', 'haqqinaz']",mehriban aliyev denies: politics man's business <url> haqqin haqqinaz <url>,['#haqqin'],2017-02-26,2017-02-27
765b88196a2911c2cef053b39bb275d46ba68924a8,2017-02-26 19:54:00,"['haqqin', 'haqqinaz']",wahid mustafaev whole turkey genocide,['#haqqin'],2017-02-26,2017-02-27
b1a8ad91feb7e5421d08a384a75fb83808d6256f44,2017-02-26 20:00:25,"['azerbaijan', 'chingizmustafayev', 'haqqin', 'justiceforkhojaly25', 'khojaly', 'nkpeace']",editor-in-chief haqqin confirms azerbaijan's involvement khojaly massacre. agrees w/ chingizmustafayev nkpeace justice khojaly25 <url>,"['#azerbaijan', '#chingizmustafayev', '#haqqin', '#justiceforkhojaly25', '#khojaly', '#nkpeace']",2017-02-26,2017-02-27
28addfac258efda9f0acad5054e59eee2041ea30fe,2017-02-26 20:04:15,['justiceforkhojaly'],today day remembrance victims happened: truth silenced responsible unpunished justice khojaly <url>,['#justiceforkhojaly'],2017-02-26,2017-02-27
28addfac258efda9f0acad5054e59eee2041ea30fe,2017-02-26 20:04:50,"['azerbaijan', 'fail', 'karabakhnow', 'nkpeace']",exactly happened lately: azerbaijan plans provide victory propaganda &amp; epic failure nkpeace karabakhnow <url>,"['#azerbaijan', '#fail', '#karabakhnow', '#nkpeace']",2017-02-26,2017-02-27
28addfac258efda9f0acad5054e59eee2041ea30fe,2017-02-26 20:04:58,"['azerbaijan', 'chingizmustafayev', 'haqqin', 'justiceforkhojaly25', 'khojaly', 'nkpeace']",editor-in-chief haqqin confirms azerbaijan's involvement khojaly massacre. agrees w/ chingizmustafayev nkpeace justice khojaly25 <url>,"['#azerbaijan', '#chingizmustafayev', '#haqqin', '#justiceforkhojaly25', '#khojaly', '#nkpeace']",2017-02-26,2017-02-27
7365c273708c9b1646f120d9a84326911faa8fbba6,2017-02-26 20:11:12,[],<user> <user> <user> <user> might useful)),[],2017-02-26,2017-02-27
7365c273708c9b1646f120d9a84326911faa8fbba6,2017-02-26 20:19:00,"['azerbaijan', 'canada', 'khojaly']",azerbaijani embassy canada shared almost text so-called khojaly events past 13 years.,"['#azerbaijan', '#canada', '#khojaly']",2017-02-26,2017-02-27
d341fa5879a391a2962936bb3b1ed7b0ec7b3124b5,2017-02-26 20:21:01,[],"new release date 21 april 2017! thanku 2 friends world 4 tweets, follow, &amp; 4 raise awareness 4 education &amp; human rights! <url>",[],2017-02-26,2017-02-27
28addfac258efda9f0acad5054e59eee2041ea30fe,2017-02-26 20:21:14,"['brrr', 'tw']","yerevan, winter means winter.",[],2017-02-26,2017-02-27
28addfac258efda9f0acad5054e59eee2041ea30fe,2017-02-26 20:22:28,['armenian'],<user> <user> <user> <user> <user> <user> <user> <user> <user> <user> <user> <user> <user> <user> <user> <user> <user> <user> <user> <user> <user> <user> <user> <user> <user> <user> <user> <user> <user> <user> <user> <user> <user> <user> <user> <user> <user> <user> <user> <user> <user> <user> <user> <user> <user> <user> <user> <user,['#armenian'],2017-02-26,2017-02-27
28addfac258efda9f0acad5054e59eee2041ea30fe,2017-02-26 20:22:30,"['baku', 'nkpeace']","<user> wish express condolences periodically, ask baku respect commitments obligations nkpeace",['#nkpeace'],2017-02-26,2017-02-27
52164b33f5b2e71309edf304d42dfff913f160d1cf,2017-02-26 20:24:09,"['azerbaijan', 'chingizmustafayev', 'haqqin', 'justiceforkhojaly25', 'khojaly', 'nkpeace']",editor-in-chief haqqin confirms azerbaijan's involvement khojaly massacre. agrees w/ chingizmustafayev nkpeace justice khojaly25 <url>,"['#azerbaijan', '#chingizmustafayev', '#haqqin', '#justiceforkhojaly25', '#khojaly', '#nkpeace']",2017-02-26,2017-02-27
52164b33f5b2e71309edf304d42dfff913f160d1cf,2017-02-26 20:32:05,['armeniangenocide'],movie armed genocide <user> promises donate proceeds theater career 2 non-profit organizations <url>,['#armeniangenocide'],2017-02-26,2017-02-27
23ce979e1a886d7c1749eca21d592d6f6045a97249,2017-02-26 20:51:23,"['azerbaijan', 'chingizmustafayev', 'haqqin', 'justiceforkhojaly25', 'khojaly', 'nkpeace']",editor-in-chief haqqin confirms azerbaijan's involvement khojaly massacre. agrees w/ chingizmustafayev nkpeace justice khojaly25 <url>,"['#azerbaijan', '#chingizmustafayev', '#haqqin', '#justiceforkhojaly25', '#khojaly', '#nkpeace']",2017-02-26,2017-02-27
765b88196a2911c2cef053b39bb275d46ba68924a8,2017-02-26 21:01:00,"['haqqin', 'haqqinaz']","""the karabakh cannot resolved peacefully. war!""",['#haqqin'],2017-02-26,2017-02-27
765b88196a2911c2cef053b39bb275d46ba68924a8,2017-02-26 21:01:00,"['haqqin', 'haqqinaz']",leader russian opposition thrown green face <url> haqqin haqqinaz <url>,['#haqqin'],2017-02-26,2017-02-27
d341fa5879a391a2962936bb3b1ed7b0ec7b3124b5,2017-02-26 21:08:45,[],"trump's executive order exclude 60,000 refugees promised resettlement united states.",[],2017-02-26,2017-02-27
d341fa5879a391a2962936bb3b1ed7b0ec7b3124b5,2017-02-26 21:09:31,[],refugee girl 25 years ago.,[],2017-02-26,2017-02-27
d341fa5879a391a2962936bb3b1ed7b0ec7b3124b5,2017-02-26 21:11:10,['khojaly'],"25 years ago released khojaly gave 4 azeri runners, killed az army. why? how? read know! <url>",['#khojaly'],2017-02-26,2017-02-27
d341fa5879a391a2962936bb3b1ed7b0ec7b3124b5,2017-02-26 21:11:50,"['azerbaijan', 'chingizmustafayev', 'haqqin', 'justiceforkhojaly25', 'khojaly', 'nkpeace']",editor-in-chief haqqin confirms azerbaijan's involvement khojaly massacre. agrees w/ chingizmustafayev nkpeace justice khojaly25 <url>,"['#azerbaijan', '#chingizmustafayev', '#haqqin', '#justiceforkhojaly25', '#khojaly', '#nkpeace']",2017-02-26,2017-02-27
d341fa5879a391a2962936bb3b1ed7b0ec7b3124b5,2017-02-26 21:14:08,"['azerbaijan', 'khojaly']",editor haqqin news site eynlla fatullayev different opinion khojaly massacre imprisoned azerbaijan views <url>,"['#azerbaijan', '#khojaly']",2017-02-26,2017-02-27
d341fa5879a391a2962936bb3b1ed7b0ec7b3124b5,2017-02-26 21:15:12,[],russian leaks.,[],2017-02-26,2017-02-27
765b88196a2911c2cef053b39bb275d46ba68924a8,2017-02-26 21:35:00,"['haqqin', 'haqqinaz']",mehriban aliyev: thought leading republic <url> haqqin haqqinaz <url>,['#haqqin'],2017-02-26,2017-02-27
765b88196a2911c2cef053b39bb275d46ba68924a8,2017-02-26 21:35:00,"['haqqin', 'haqqinaz']","putin flies nazarbayev, rahmon, kyrgyzstan",['#haqqin'],2017-02-26,2017-02-27
1c8ff9fc8d297dcb415c66d8d4ff17e4b81f647a66,2017-02-26 22:29:54,"['azerbaijan', 'chingizmustafayev', 'haqqin', 'justiceforkhojaly25', 'khojaly', 'nkpeace']",editor-in-chief haqqin confirms azerbaijan's involvement khojaly massacre. agrees w/ chingizmustafayev nkpeace justice khojaly25 <url>,"['#azerbaijan', '#chingizmustafayev', '#haqqin', '#justiceforkhojaly25', '#khojaly', '#nkpeace']",2017-02-26,2017-02-27
1c8ff9fc8d297dcb415c66d8d4ff17e4b81f647a66,2017-02-26 22:36:07,['khojaly'],"25 years ago released khojaly gave 4 azeri runners, killed az army. why? how? read know! <url>",['#khojaly'],2017-02-26,2017-02-27
765b88196a2911c2cef053b39bb275d46ba68924a8,2017-02-26 22:42:00,"['haqqin', 'haqqinaz']",azerbaijan historical medal haqqin haqqinaz,['#haqqin'],2017-02-26,2017-02-27
765b88196a2911c2cef053b39bb275d46ba68924a8,2017-02-26 22:42:00,"['haqqin', 'haqqinaz']",asad's army approaching palm tree.,['#haqqin'],2017-02-26,2017-02-27
265ab20ad32df941c0c21303a7eed29e49f6125e2d,2017-02-26 22:54:40,"['azerbaijan', 'chingizmustafayev', 'haqqin', 'justiceforkhojaly25', 'khojaly', 'nkpeace']",editor-in-chief haqqin confirms azerbaijan's involvement khojaly massacre. agrees w/ chingizmustafayev nkpeace justice khojaly25 <url>,"['#azerbaijan', '#chingizmustafayev', '#haqqin', '#justiceforkhojaly25', '#khojaly', '#nkpeace']",2017-02-26,2017-02-27
19340a41b0156a2efdf6a18f795e9c61ed740197f8,2017-02-26 23:28:58,"['armenia', 'chess']",".<user> supports armenia ladder heaven, chess national pastime, intelligence - top export <url> <url>","['#armenia', '#chess']",2017-02-26,2017-02-27
19340a41b0156a2efdf6a18f795e9c61ed740197f8,2017-02-26 23:30:28,"['azerbaijan', 'chingizmustafayev', 'haqqin', 'justiceforkhojaly25', 'khojaly', 'nkpeace']",editor-in-chief haqqin confirms azerbaijan's involvement khojaly massacre. agrees w/ chingizmustafayev nkpeace justice khojaly25 <url>,"['#azerbaijan', '#chingizmustafayev', '#haqqin', '#justiceforkhojaly25', '#khojaly', '#nkpeace']",2017-02-26,2017-02-27
53352efdd3e6da8ca3e763cf26759234490d954704,2017-02-26 23:30:56,['khojaly'],"25 years ago released khojaly gave 4 azeri runners, killed az army. why? how? read know! <url>",['#khojaly'],2017-02-26,2017-02-27
53352efdd3e6da8ca3e763cf26759234490d954704,2017-02-26 23:39:24,"['azerbaijan', 'haqqin', 'karabakhnow', 'minskgroup', 'nkpeace']","azerbaijani lie haqqin outlet: minskgroup claim says victims sides, mention sides nkpeace karabakhnow <url>","['#azerbaijan', '#haqqin', '#karabakhnow', '#minskgroup', '#nkpeace']",2017-02-26,2017-02-27
53352efdd3e6da8ca3e763cf26759234490d954704,2017-02-26 23:42:19,"['aghdam', 'armenia', 'azerbaijan', 'justiceforkhojaly25', 'khojaly', 'map', 'nkpeace']","map: killed 10 km khojaly, near azerbaijan positions aghdam outside armenia","['#aghdam', '#armenia', '#azerbaijan', '#justiceforkhojaly25', '#khojaly', '#nkpeace']",2017-02-26,2017-02-27
68dffefe085307d3a1640dab3646ff43ba1ea24b21,2017-02-26 23:45:07,"['azerbaijan', 'chingizmustafayev', 'haqqin', 'justiceforkhojaly25', 'khojaly', 'nkpeace']",editor-in-chief haqqin confirms azerbaijan's involvement khojaly massacre. agrees w/ chingizmustafayev nkpeace justice khojaly25 <url>,"['#azerbaijan', '#chingizmustafayev', '#haqqin', '#justiceforkhojaly25', '#khojaly', '#nkpeace']",2017-02-26,2017-02-27
765b88196a2911c2cef053b39bb275d46ba68924a8,2017-02-26 23:48:00,"['haqqin', 'haqqinaz']",turkish media reported deaths injuries azerbaijani soldiers <url> haqqin haqqinaz <url>,['#haqqin'],2017-02-26,2017-02-27
